,name,team,date,location,opponent,minutes,made_two_point_field_goals,made_three_point_field_goals,made_free_throws,rebounds,assists,blocks,steals,turnovers,recent_average,10_game_average,3_game_average,10_3_ratio,10_3_difference,hot,cold,fantasy_points,Opponent Defensive Rank vs Position,projected_points,projected_points_draftkings,projected_value,projected_value_draftkings
115631,Jordan Farmar,SACRAMENTO KINGS,2021-04-15,AWAY,PHOENIX SUNS,10.3,0.83,0.53,0.54,1.52,2.17,0.08,0.52,0.76,15.26,16.05,16.05,1.0,0.0,0.0,0.0,0,15.5,9.91,10.03,1982,1881
115632,Chris Andersen,CLEVELAND CAVALIERS,2021-04-15,AWAY,GOLDEN STATE WARRIORS,14.99,0.88,0.0,0.75,2.87,0.8,0.39,0.35,0.74,7.98,8.58,7.33,1.150060024009604,1.25,0.0,0.0,0,15.5,8.63,8.41,1727,1576
115633,John Jenkins,PHOENIX SUNS,2021-04-15,HOME,SACRAMENTO KINGS,6.07,0.21,0.37,0.07,0.26,0.14,0.01,0.03,0.23,5.17,5.53,2.9,1.6743589743589744,2.6300000000000003,0.0,0.0,0,15.5,2.01,2.28,402,428
115634,Steve Novak,MILWAUKEE BUCKS,2021-04-15,AWAY,ATLANTA HAWKS,5.51,0.13,0.04,0.0,0.15,0.03,0.01,0.04,0.06,0.95,1.08,0.4,1.4857142857142858,0.68,0.0,0.0,0,15.5,0.7,0.7,139,132
115635,Rudy Gay,SACRAMENTO KINGS,2021-04-15,HOME,PHOENIX SUNS,25.26,2.13,2.6,1.66,3.63,1.29,0.27,0.87,0.9,25.04,22.99,28.07,0.8252493980048159,-5.080000000000002,0.0,0.0,0,6.0,22.53,23.32,4506,4373
115636,Gary Neal,ATLANTA HAWKS,2021-04-15,HOME,MILWAUKEE BUCKS,5.57,0.32,0.0,0.34,0.25,0.24,0.01,0.05,0.19,3.08,3.35,3.35,1.0,0.0,0.0,0.0,0,15.5,1.63,1.68,326,315
115637,Anderson Varejão,GOLDEN STATE WARRIORS,2021-04-15,AWAY,CLEVELAND CAVALIERS,9.25,0.38,0.0,0.32,1.09,0.4,0.1,0.1,0.26,6.87,5.66,9.2,0.6529411764705882,-3.539999999999999,0.0,0.0,0,15.5,3.33,3.31,666,621
115638,Mike Scott,ATLANTA HAWKS,2021-04-15,AWAY,MILWAUKEE BUCKS,12.92,0.92,0.29,0.38,1.58,1.0,0.03,0.66,0.47,11.04,11.11,10.73,1.032395566922421,0.379999999999999,0.0,0.0,0,22.0,8.09,7.85,1617,1473
115639,Marcelo Huertas,LOS ANGELES LAKERS,2021-04-15,AWAY,BOSTON CELTICS,12.85,0.8,0.02,0.33,0.72,1.62,0.04,0.39,0.65,6.57,10.25,6.4,1.5202702702702702,3.8499999999999996,0.0,0.0,0,15.5,5.92,5.87,1185,1100
115640,Jordan McRae,CLEVELAND CAVALIERS,2021-04-15,HOME,GOLDEN STATE WARRIORS,9.35,0.67,0.36,0.21,0.7,0.63,0.05,0.07,0.41,11.94,17.63,3.43,4.205417607223477,14.2,0.0,5.08706538584287,0,7.0,4.37,4.66,873,875
115641,Lamar Patterson,ATLANTA HAWKS,2021-04-15,HOME,MILWAUKEE BUCKS,13.0,0.7,0.18,0.45,1.25,1.0,0.08,0.31,0.49,5.39,5.08,2.93,1.5470737913486006,2.15,0.0,0.0,0,15.5,6.07,6.08,1214,1140
115642,Demetrius Jackson,BOSTON CELTICS,2021-04-15,AWAY,LOS ANGELES LAKERS,6.69,0.18,0.07,0.0,0.18,0.16,0.02,0.05,0.14,4.63,4.7,3.9,1.163265306122449,0.8000000000000003,0.0,0.0,0,15.5,1.1,1.14,219,214
115643,Briante Weber,GOLDEN STATE WARRIORS,2021-04-15,HOME,CLEVELAND CAVALIERS,5.94,0.21,0.0,0.06,0.42,0.17,0.05,0.13,0.13,4.45,6.75,1.97,2.6094276094276094,4.78,0.0,0.0,0,15.5,1.65,1.55,330,292
115644,Luol Deng,LOS ANGELES LAKERS,2021-04-15,HOME,BOSTON CELTICS,9.36,0.37,0.0,0.29,0.77,0.17,0.07,0.16,0.23,8.93,11.01,8.3,1.2913978494623655,2.709999999999999,0.0,0.0,0,15.5,2.67,2.59,534,486
115645,Timofey Mozgov,LOS ANGELES LAKERS,2021-04-15,HOME,BOSTON CELTICS,9.17,0.56,0.0,0.54,1.56,0.18,0.24,0.03,0.43,9.75,9.41,11.13,0.8582028029678482,-1.7200000000000006,0.0,0.0,0,15.5,4.18,4.21,836,788
115646,Leandro Barbosa,PHOENIX SUNS,2021-04-15,AWAY,SACRAMENTO KINGS,19.53,1.39,0.59,0.22,1.44,1.61,0.0,0.48,0.87,8.25,10.35,5.2,1.8306451612903225,5.1499999999999995,0.0,0.0,0,15.5,9.48,9.8,1897,1838
115647,Terrence Jones,MILWAUKEE BUCKS,2021-04-15,HOME,ATLANTA HAWKS,8.14,0.94,0.0,0.31,2.04,0.52,0.38,0.27,0.41,23.94,22.89,9.93,2.1857273559011894,12.96,0.0,3.7993064119130153,0,15.5,6.96,6.62,1392,1240
115648,Jordan Mickey,BOSTON CELTICS,2021-04-15,AWAY,LOS ANGELES LAKERS,7.43,0.46,0.01,0.25,1.08,0.31,0.15,0.16,0.23,10.11,13.55,5.07,2.397034596375618,8.48,0.0,2.8514980670790395,0,15.5,3.66,3.52,732,661
115649,Darren Collison,SACRAMENTO KINGS,2021-04-15,AWAY,PHOENIX SUNS,24.76,2.57,0.37,1.1,2.16,3.18,0.0,0.85,0.91,20.85,20.81,20.8,1.0004587155963303,0.00999999999999801,0.0,0.0,0,15.5,16.35,16.25,3270,3047
115650,Tyreke Evans,SACRAMENTO KINGS,2021-04-15,AWAY,PHOENIX SUNS,19.32,2.68,0.87,2.04,2.01,2.41,0.1,0.49,1.32,18.08,19.74,19.6,1.0067961165048542,0.13999999999999702,0.0,0.0,0,15.5,16.49,17.09,3297,3205
115651,Matt Barnes,GOLDEN STATE WARRIORS,2021-04-15,HOME,CLEVELAND CAVALIERS,12.27,1.08,0.54,0.95,3.04,1.01,0.25,0.38,0.51,14.8,17.2,9.7,1.7009345794392523,7.5,0.0,1.4739714043550436,0,15.5,11.27,11.32,2255,2122
115652,Kay Felder,CLEVELAND CAVALIERS,2021-04-15,AWAY,GOLDEN STATE WARRIORS,10.07,0.77,0.01,0.64,1.15,0.68,0.1,0.15,0.47,5.02,4.77,6.93,0.7276166456494325,-2.16,0.0,0.0,0,15.5,4.89,4.94,978,926
115653,Larry Sanders,CLEVELAND CAVALIERS,2021-04-15,AWAY,GOLDEN STATE WARRIORS,8.43,0.3,0.02,0.28,0.71,0.29,0.13,0.11,0.38,2.94,2.56,0.8,1.9777777777777779,1.76,0.0,0.0,0,15.5,2.57,2.56,513,480
115654,Ty Lawson,SACRAMENTO KINGS,2021-04-15,HOME,PHOENIX SUNS,23.09,2.12,0.86,1.38,3.75,4.12,0.1,0.69,1.27,15.4,14.97,16.03,0.9377568995889606,-1.0600000000000005,0.0,0.0,0,15.5,19.98,20.44,3996,3833
115655,Elijah Millsap,PHOENIX SUNS,2021-04-15,AWAY,SACRAMENTO KINGS,10.24,0.61,0.0,0.53,2.07,0.6,0.09,0.06,0.45,5.01,4.85,4.85,1.0,0.0,0.0,0.0,0,15.5,5.13,5.31,1027,996
115656,Ronnie Price,PHOENIX SUNS,2021-04-15,AWAY,SACRAMENTO KINGS,14.27,0.42,0.41,0.12,0.85,0.78,0.0,0.36,0.47,3.84,5.7,2.67,1.8256130790190737,3.0300000000000002,0.0,0.0,0,15.5,4.99,5.11,998,959
115657,Arron Afflalo,SACRAMENTO KINGS,2021-04-15,AWAY,PHOENIX SUNS,28.81,0.89,0.0,0.46,1.25,0.75,0.06,0.19,0.33,4.12,6.24,1.07,3.4975845410628015,5.17,0.0,0.0,0,15.5,5.29,5.26,1057,987
115658,Edy Tavares,CLEVELAND CAVALIERS,2021-04-15,HOME,GOLDEN STATE WARRIORS,22.91,2.34,0.06,0.71,11.83,1.21,3.52,0.03,1.86,35.5,35.5,35.5,1.0,0.0,0.0,0.0,0,15.5,30.37,28.37,6074,5320
115659,Tarik Black,LOS ANGELES LAKERS,2021-04-15,AWAY,BOSTON CELTICS,7.79,0.3,0.0,0.0,0.85,0.08,0.09,0.07,0.26,7.89,9.39,3.93,2.107505070993915,5.460000000000001,0.0,0.0,0,15.5,1.96,1.97,392,370
115660,Ryan Kelly,ATLANTA HAWKS,2021-04-15,AWAY,MILWAUKEE BUCKS,14.9,0.61,0.65,0.23,0.99,0.41,0.11,0.39,0.46,4.48,4.55,2.83,1.4490861618798956,1.7199999999999998,0.0,0.0,0,15.5,6.24,6.35,1249,1190
115661,Metta World Peace,LOS ANGELES LAKERS,2021-04-15,AWAY,BOSTON CELTICS,11.46,0.42,0.21,0.38,1.03,0.53,0.14,0.18,0.28,4.36,4.04,4.47,0.9213893967093236,-0.4299999999999997,0.0,0.0,0,15.5,4.56,4.54,912,851
115662,James Jones,CLEVELAND CAVALIERS,2021-04-15,HOME,GOLDEN STATE WARRIORS,27.18,0.5,1.26,0.65,1.34,0.69,0.35,0.45,0.8,2.59,4.76,1.07,2.7826086956521734,3.6899999999999995,0.0,0.0,0,15.5,9.67,9.97,1935,1869
115663,Thomas Robinson,LOS ANGELES LAKERS,2021-04-15,AWAY,BOSTON CELTICS,10.58,0.53,0.02,0.07,1.44,0.3,0.11,0.18,0.45,4.54,8.31,1.4,3.879166666666667,6.91,0.0,2.155454023507896,0,15.5,3.79,3.81,758,713
115664,Richard Jefferson,CLEVELAND CAVALIERS,2021-04-15,AWAY,GOLDEN STATE WARRIORS,7.05,0.37,0.0,0.34,0.41,0.37,0.04,0.06,0.14,3.21,2.29,3.23,0.7777777777777777,-0.94,0.0,0.0,0,15.5,2.29,2.28,457,427
115665,Dahntay Jones,CLEVELAND CAVALIERS,2021-04-15,AWAY,GOLDEN STATE WARRIORS,7.94,0.57,0.0,0.65,0.93,0.41,0.11,0.09,0.24,5.47,5.95,5.95,1.0,0.0,0.0,0.0,0,15.5,3.88,3.85,776,721
115666,Spencer Hawes,MILWAUKEE BUCKS,2021-04-15,HOME,ATLANTA HAWKS,9.55,0.82,0.13,0.24,1.5,0.58,0.28,0.27,0.41,19.48,20.07,21.7,0.928193832599119,-1.629999999999999,0.0,0.0,0,15.5,6.18,5.98,1236,1120
115667,Kris Humphries,ATLANTA HAWKS,2021-04-15,HOME,MILWAUKEE BUCKS,7.21,0.49,0.01,0.43,1.01,0.29,0.15,0.06,0.31,9.69,9.52,7.0,1.315,2.5199999999999996,0.0,0.0,0,15.5,3.41,3.41,681,639
115668,Deron Williams,CLEVELAND CAVALIERS,2021-04-15,AWAY,GOLDEN STATE WARRIORS,15.09,2.28,1.23,1.39,2.06,4.12,0.0,0.39,0.93,19.72,22.94,18.3,1.2404145077720208,4.640000000000001,0.0,0.0,0,15.5,18.53,19.32,3706,3623
115669,James Michael McAdoo,GOLDEN STATE WARRIORS,2021-04-15,AWAY,CLEVELAND CAVALIERS,6.96,0.24,0.04,0.13,0.39,0.08,0.09,0.09,0.07,3.65,3.37,4.13,0.8518518518518519,-0.7599999999999998,0.0,0.0,0,15.5,1.79,1.68,358,315
115670,Ian Clark,GOLDEN STATE WARRIORS,2021-04-15,AWAY,CLEVELAND CAVALIERS,19.43,1.56,0.46,0.74,2.49,1.62,0.14,0.67,0.98,12.5,10.93,16.53,0.6805476326297775,-5.600000000000001,0.0,0.0,0,15.5,12.11,12.14,2422,2277
115671,Thabo Sefolosha,ATLANTA HAWKS,2021-04-15,AWAY,MILWAUKEE BUCKS,11.15,0.72,0.27,0.18,1.51,0.73,0.14,0.31,0.38,9.24,8.23,10.3,0.8168141592920354,-2.0700000000000003,0.0,0.0,0,22.0,6.31,6.26,1261,1173
115672,Paul Millsap,ATLANTA HAWKS,2021-04-15,HOME,MILWAUKEE BUCKS,31.13,2.07,0.92,0.9,4.39,1.74,0.6,0.9,0.68,15.86,15.46,11.2,1.3491803278688526,4.260000000000002,0.0,0.0,0,22.0,19.5,19.02,3900,3566
115673,Tim Hardaway,ATLANTA HAWKS,2021-04-15,HOME,MILWAUKEE BUCKS,36.41,2.41,2.26,2.05,2.81,1.81,0.0,0.49,0.75,20.97,19.43,23.47,0.8348998774008991,-4.039999999999999,0.0,0.0,0,5.0,20.46,21.61,4091,4052
115674,Mike Dunleavy,ATLANTA HAWKS,2021-04-15,HOME,MILWAUKEE BUCKS,9.1,0.53,0.33,0.8,1.01,0.66,0.16,0.28,0.28,8.9,7.94,9.9,0.8201834862385322,-1.96,0.0,0.0,0,15.5,6.09,6.01,1218,1126
115675,Kelly Olynyk,BOSTON CELTICS,2021-04-15,HOME,LOS ANGELES LAKERS,21.02,2.36,2.01,1.27,4.99,2.52,0.19,1.01,1.14,32.9,33.37,30.0,1.1087096774193548,3.3699999999999974,0.0,0.0,0,11.0,24.25,24.87,4850,4664
115676,Gerald Green,BOSTON CELTICS,2021-04-15,HOME,LOS ANGELES LAKERS,10.36,0.45,0.37,0.34,1.21,0.18,0.09,0.05,0.16,8.52,7.98,9.93,0.8215919487648674,-1.9499999999999993,0.0,0.0,0,15.5,4.33,4.52,866,847
115677,James Young,BOSTON CELTICS,2021-04-15,HOME,LOS ANGELES LAKERS,4.93,0.13,0.02,0.13,0.21,0.11,0.05,0.03,0.1,2.72,2.43,3.07,0.8427518427518428,-0.6399999999999997,0.0,0.0,0,15.5,1.01,1.0,201,187
115678,Amir Johnson,BOSTON CELTICS,2021-04-15,HOME,LOS ANGELES LAKERS,10.57,0.63,0.14,0.47,1.11,0.75,0.16,0.1,0.54,9.06,9.05,9.3,0.9757281553398058,-0.25,0.0,0.0,0,15.5,4.85,4.98,969,934
115679,Mirza Teletović,MILWAUKEE BUCKS,2021-04-15,AWAY,ATLANTA HAWKS,16.71,0.89,2.72,0.58,1.91,0.84,0.16,0.27,0.56,12.56,12.72,14.7,0.8738853503184714,-1.9799999999999986,0.0,0.0,0,15.5,14.8,16.11,2960,3020
115680,Nicolás Brussino,ATLANTA HAWKS,2021-04-15,AWAY,MILWAUKEE BUCKS,4.2,0.18,0.04,0.15,0.24,0.1,0.02,0.04,0.06,2.19,3.67,0.8,2.5944444444444446,2.87,0.0,0.0,0,15.5,1.19,1.19,238,223
115681,Derrick Jones,PHOENIX SUNS,2021-04-15,HOME,SACRAMENTO KINGS,7.27,0.38,0.17,0.35,0.92,0.45,0.18,0.07,0.25,11.14,11.97,8.13,1.420591456736035,3.84,0.0,0.0,0,24.0,3.9,3.91,780,732
115682,Joel Bolomboy,MILWAUKEE BUCKS,2021-04-15,AWAY,ATLANTA HAWKS,6.0,0.12,0.02,0.07,0.47,0.08,0.09,0.08,0.05,3.58,3.18,5.47,0.6460587326120556,-2.2899999999999996,0.0,0.0,0,15.5,1.51,1.4,303,263
115683,Mike James,PHOENIX SUNS,2021-04-15,AWAY,SACRAMENTO KINGS,17.25,2.75,0.43,2.3,3.24,3.79,0.1,0.79,1.18,24.39,21.95,24.23,0.9096313912009512,-2.280000000000001,0.0,0.0,0,15.5,20.15,20.23,4031,3793
115684,Vander Blue,LOS ANGELES LAKERS,2021-04-15,AWAY,BOSTON CELTICS,13.52,0.51,0.07,0.43,0.64,0.65,0.11,0.24,0.58,2.0,1.74,1.23,1.228699551569507,0.51,0.0,0.0,0,15.5,3.87,3.88,775,728
115685,DeAndre Liggins,MILWAUKEE BUCKS,2021-04-15,HOME,ATLANTA HAWKS,12.65,0.41,0.37,0.0,0.72,0.41,0.05,0.34,0.24,5.96,9.71,2.27,3.2752293577981653,7.440000000000001,0.0,2.6757617734566916,0,15.5,4.34,4.29,868,804
115686,Jarell Eddie,BOSTON CELTICS,2021-04-15,AWAY,LOS ANGELES LAKERS,8.69,0.23,0.22,0.34,0.45,0.16,0.06,0.06,0.1,5.65,4.82,1.4,2.4250000000000003,3.4200000000000004,0.0,0.0,0,15.5,2.5,2.56,500,480
115687,Malachi Richardson,SACRAMENTO KINGS,2021-04-15,AWAY,PHOENIX SUNS,12.07,0.55,0.05,0.4,0.65,0.51,0.04,0.15,0.4,1.7,2.06,0.0,3.06,2.06,0.0,0.0,0,15.5,3.36,3.43,673,644
115688,Georgios Papagiannis,SACRAMENTO KINGS,2021-04-15,HOME,PHOENIX SUNS,6.11,0.36,0.0,0.05,0.68,0.18,0.05,0.16,0.21,7.79,6.68,7.9,0.8629213483146067,-1.2200000000000006,0.0,0.0,0,15.5,2.28,2.21,455,413
115689,Marco Belinelli,ATLANTA HAWKS,2021-04-15,AWAY,MILWAUKEE BUCKS,18.99,1.53,1.61,1.04,0.92,0.76,0.0,0.15,0.53,13.19,13.24,16.87,0.7968662562954673,-3.630000000000001,0.0,0.0,0,5.0,11.09,12.06,2219,2261
115690,Rashad Vaughn,MILWAUKEE BUCKS,2021-04-15,AWAY,ATLANTA HAWKS,3.08,0.1,0.01,0.01,0.2,0.09,0.04,0.05,0.03,2.86,5.21,2.5,1.7742857142857142,2.71,0.0,0.0,0,15.5,0.85,0.79,171,149
115691,Dwyane Wade,CLEVELAND CAVALIERS,2021-04-15,AWAY,GOLDEN STATE WARRIORS,20.75,3.86,1.82,3.03,2.98,3.39,0.39,0.22,1.63,25.65,25.54,20.63,1.2269995376791494,4.91,0.0,0.0,0,15.5,25.07,26.34,5014,4938
115692,Luke Babbitt,ATLANTA HAWKS,2021-04-15,HOME,MILWAUKEE BUCKS,18.54,1.69,1.89,0.81,2.98,1.32,0.23,0.73,1.25,20.38,17.97,22.23,0.8166164442531209,-4.260000000000002,0.0,0.0,0,15.5,17.05,17.8,3409,3338
115693,Derrick Rose,CLEVELAND CAVALIERS,2021-04-15,HOME,GOLDEN STATE WARRIORS,15.79,2.42,0.18,1.39,2.71,1.58,0.4,0.62,1.26,20.53,21.35,19.03,1.1158262606090863,2.3200000000000003,0.0,0.0,0,13.0,14.19,14.03,2838,2630
115694,Josh Gray,PHOENIX SUNS,2021-04-15,AWAY,SACRAMENTO KINGS,20.8,1.99,0.3,1.15,2.36,2.71,0.16,0.83,1.47,14.5,12.49,6.03,1.9189189189189189,6.46,0.0,0.0,0,22.0,14.43,14.44,2885,2708
115695,Sean Kilpatrick,MILWAUKEE BUCKS,2021-04-15,AWAY,ATLANTA HAWKS,16.51,0.7,0.86,0.26,1.03,0.82,0.15,0.29,0.63,5.12,7.53,6.6,1.1223684210526317,0.9300000000000006,0.0,0.0,0,15.5,7.4,7.75,1479,1454
115696,Malcolm Delaney,ATLANTA HAWKS,2021-04-15,HOME,MILWAUKEE BUCKS,15.23,1.1,1.77,0.82,1.37,1.25,0.06,0.74,0.87,14.39,12.15,15.2,0.8117283950617284,-3.049999999999999,0.0,0.0,0,15.5,13.38,13.97,2676,2619
115697,Xavier Munford,MILWAUKEE BUCKS,2021-04-15,HOME,ATLANTA HAWKS,6.05,0.16,0.02,0.04,0.26,0.25,0.03,0.07,0.07,1.85,1.87,2.23,0.8885448916408669,-0.3599999999999999,0.0,0.0,0,15.5,1.34,1.3,267,243
115698,Derrick Williams,LOS ANGELES LAKERS,2021-04-15,AWAY,BOSTON CELTICS,9.24,0.55,0.21,0.17,1.02,0.3,0.1,0.18,0.25,8.46,8.31,1.47,3.7692307692307696,6.840000000000001,0.0,1.9554600080428088,0,15.5,4.16,4.17,833,781
115699,Chris Boucher,GOLDEN STATE WARRIORS,2021-04-15,HOME,CLEVELAND CAVALIERS,6.93,1.39,0.24,1.33,2.24,0.74,0.35,0.29,0.33,38.61,37.43,32.93,1.1326259946949602,4.5,0.0,0.0,0,30.0,10.22,9.97,2044,1870
115700,Omri Casspi,GOLDEN STATE WARRIORS,2021-04-15,HOME,CLEVELAND CAVALIERS,6.01,0.41,0.02,0.36,0.61,0.21,0.05,0.14,0.09,9.73,10.17,8.5,1.1757894736842105,1.67,0.0,0.0,0,15.5,2.77,2.66,553,499
115701,Zach Randolph,SACRAMENTO KINGS,2021-04-15,HOME,PHOENIX SUNS,16.04,2.88,0.53,1.29,3.26,1.95,0.03,0.48,1.45,25.82,23.7,28.3,0.8430034129692833,-4.600000000000001,0.0,0.0,0,15.5,15.56,16.2,3111,3038
115702,Garrett Temple,SACRAMENTO KINGS,2021-04-15,HOME,PHOENIX SUNS,20.35,1.75,0.0,1.29,3.45,2.53,0.35,0.63,0.47,14.46,14.33,15.83,0.9108734402852051,-1.5,0.0,0.0,0,1.0,15.19,14.62,3039,2742
115703,Isaiah Thomas,LOS ANGELES LAKERS,2021-04-15,AWAY,BOSTON CELTICS,24.91,2.11,1.14,0.37,1.3,3.7,0.11,0.34,1.64,20.7,19.68,10.77,1.7570093457943925,8.91,0.0,2.3085023179916973,0,15.5,14.83,15.84,2966,2969
115704,Elfrid Payton,PHOENIX SUNS,2021-04-15,HOME,SACRAMENTO KINGS,16.74,2.65,0.28,1.31,3.99,2.82,0.17,0.92,1.41,22.47,23.27,21.9,1.059825327510917,1.370000000000001,0.0,0.0,0,22.0,18.33,18.28,3666,3428
115705,Marshall Plumlee,MILWAUKEE BUCKS,2021-04-15,AWAY,ATLANTA HAWKS,6.59,0.27,0.0,0.37,0.57,0.11,0.06,0.02,0.1,6.28,5.31,7.27,0.7629987908101572,-1.96,0.0,0.0,0,15.5,1.9,1.9,380,356
115706,Alan Williams,PHOENIX SUNS,2021-04-15,HOME,SACRAMENTO KINGS,6.04,0.54,0.06,0.31,1.19,0.48,0.05,0.24,0.35,12.17,11.67,9.6,1.1952830188679247,2.0700000000000003,0.0,0.0,0,15.5,4.24,4.21,848,790
115707,Josh Magette,ATLANTA HAWKS,2021-04-15,HOME,MILWAUKEE BUCKS,14.41,1.02,0.43,0.63,1.22,1.1,0.05,0.33,0.45,5.15,5.55,4.87,1.1158432708688244,0.6799999999999997,0.0,0.0,0,15.5,7.76,7.88,1553,1478
115708,Tyler Cavanaugh,ATLANTA HAWKS,2021-04-15,HOME,MILWAUKEE BUCKS,9.17,0.43,0.34,0.41,0.69,0.21,0.08,0.18,0.22,1.19,1.4,0.8,1.3333333333333333,0.5999999999999999,0.0,0.0,0,15.5,3.99,4.05,799,759
115709,Jeremy Evans,ATLANTA HAWKS,2021-04-15,HOME,MILWAUKEE BUCKS,5.18,0.17,0.02,0.09,0.4,0.06,0.04,0.0,0.14,2.2,2.2,2.2,1.0,0.0,0.0,0.0,0,15.5,1.04,1.1,208,206
115710,Xavier Silas,BOSTON CELTICS,2021-04-15,AWAY,LOS ANGELES LAKERS,4.6,0.13,0.0,0.01,0.49,0.05,0.03,0.08,0.04,2.92,2.7,2.7,1.0,0.0,0.0,0.0,0,15.5,1.22,1.16,245,217
115711,Andrew White,ATLANTA HAWKS,2021-04-15,HOME,MILWAUKEE BUCKS,13.06,0.7,0.49,0.38,1.59,0.43,0.09,0.31,0.34,9.76,9.58,9.1,1.0475247524752476,0.4800000000000004,0.0,0.0,0,15.5,6.66,6.76,1333,1267
115712,Bruno Caboclo,SACRAMENTO KINGS,2021-04-15,AWAY,PHOENIX SUNS,5.58,0.3,0.02,0.15,0.47,0.07,0.02,0.07,0.14,7.07,7.79,5.37,1.3799058084772369,2.42,0.0,0.0,0,6.0,1.61,1.62,322,304
115713,Alec Peters,PHOENIX SUNS,2021-04-15,AWAY,SACRAMENTO KINGS,21.13,0.78,5.86,0.71,2.4,1.42,0.14,0.29,0.45,5.98,5.24,8.23,0.676056338028169,-2.99,0.0,0.0,0,15.5,25.7,28.54,5140,5352
115714,Shaquille Harrison,PHOENIX SUNS,2021-04-15,AWAY,SACRAMENTO KINGS,21.27,1.09,0.17,0.61,1.4,1.45,0.14,0.47,0.93,3.64,2.92,0.9,2.0631578947368423,2.02,0.0,0.0,0,24.0,8.05,8.06,1611,1512
115715,Tyler Ulis,PHOENIX SUNS,2021-04-15,AWAY,SACRAMENTO KINGS,21.83,2.61,0.59,1.82,2.4,4.25,0.0,0.66,1.89,15.16,16.8,15.57,1.0742305371152685,1.2300000000000004,0.0,0.0,0,15.5,18.16,18.86,3631,3535
115716,Danuel House,PHOENIX SUNS,2021-04-15,AWAY,SACRAMENTO KINGS,32.2,1.91,1.02,1.31,2.95,2.15,0.11,0.54,1.04,16.17,17.29,5.9,2.6507246376811593,11.389999999999999,0.0,3.9114969540438973,0,24.0,15.87,16.39,3173,3074
115717,Zaza Pachulia,GOLDEN STATE WARRIORS,2021-04-15,AWAY,CLEVELAND CAVALIERS,9.28,0.64,0.01,0.62,1.29,0.52,0.05,0.21,0.37,9.37,9.17,9.03,1.0139581256231307,0.14000000000000057,0.0,0.0,0,15.5,4.67,4.66,934,874
115718,Antonius Cleveland,ATLANTA HAWKS,2021-04-15,HOME,MILWAUKEE BUCKS,9.5,0.38,0.09,0.16,0.26,0.0,0.0,0.0,0.06,3.25,3.21,1.87,1.4668989547038327,1.3399999999999999,0.0,0.0,0,5.0,1.44,1.53,288,287
115719,Isaiah Taylor,ATLANTA HAWKS,2021-04-15,HOME,MILWAUKEE BUCKS,18.94,2.34,0.21,1.09,1.41,2.41,0.15,0.58,1.25,16.47,14.43,21.47,0.6866933689363596,-7.039999999999999,0.7145525786850639,0.0,0,15.5,12.65,12.72,2529,2385
115720,Davon Reed,PHOENIX SUNS,2021-04-15,AWAY,SACRAMENTO KINGS,11.03,0.32,0.08,0.12,0.4,0.43,0.01,0.02,0.24,1.13,2.57,0.0,3.57,2.57,0.0,0.0,0,15.5,1.97,2.12,395,398
115721,Jonathan Gibson,BOSTON CELTICS,2021-04-15,HOME,LOS ANGELES LAKERS,25.04,1.88,1.17,2.77,0.95,1.88,0.18,0.14,1.06,16.92,13.4,6.73,1.8628719275549805,6.67,0.0,0.5681606584887945,0,15.5,13.9,14.74,2780,2764
115722,John Holland,CLEVELAND CAVALIERS,2021-04-15,HOME,GOLDEN STATE WARRIORS,30.04,0.42,2.47,0.38,1.05,0.58,0.2,0.48,0.68,2.12,2.36,1.47,1.3603238866396763,0.8899999999999999,0.0,0.0,0,15.5,12.12,13.07,2424,2450
115723,JaKarr Sampson,SACRAMENTO KINGS,2021-04-15,HOME,PHOENIX SUNS,17.74,1.15,0.0,1.05,1.21,0.2,0.09,0.05,0.45,7.65,7.91,10.13,0.8005390835579514,-2.2200000000000006,0.0,0.0,0,6.0,5.07,5.22,1014,978
115724,Thomas Bryant,LOS ANGELES LAKERS,2021-04-15,AWAY,BOSTON CELTICS,18.88,2.38,0.46,0.53,4.27,0.9,0.49,0.17,0.7,25.22,26.37,29.97,0.8837584759444624,-3.599999999999998,0.0,0.0,0,24.0,14.42,14.56,2885,2730
115725,Jack Cooley,SACRAMENTO KINGS,2021-04-15,HOME,PHOENIX SUNS,18.41,1.91,0.0,2.39,3.72,1.21,0.16,0.25,0.61,11.91,12.14,13.07,0.9339019189765458,-0.9299999999999997,0.0,0.0,0,15.5,13.11,13.19,2622,2473
115726,Nigel Hayes,SACRAMENTO KINGS,2021-04-15,HOME,PHOENIX SUNS,20.78,1.29,0.38,0.46,3.23,1.0,0.3,0.48,0.53,7.4,8.38,3.67,2.0085653104925054,4.710000000000001,0.0,0.0,0,15.5,11.37,11.2,2273,2100
115727,Julius Randle,LOS ANGELES LAKERS,2021-04-15,AWAY,BOSTON CELTICS,20.12,4.91,0.35,3.68,7.33,4.08,0.89,0.93,2.92,43.57,43.76,45.73,0.957842927455596,-1.9699999999999989,0.0,0.0,0,4.0,32.01,32.19,6401,6035
115728,Kadeem Allen,BOSTON CELTICS,2021-04-15,HOME,LOS ANGELES LAKERS,19.45,1.06,0.68,0.56,1.09,1.58,0.23,0.37,0.97,8.87,10.53,11.53,0.9201915403032721,-1.0,0.0,0.0,0,15.5,9.23,9.51,1846,1783
115729,Jabari Bird,BOSTON CELTICS,2021-04-15,HOME,LOS ANGELES LAKERS,17.68,0.64,0.07,0.21,0.98,0.45,0.14,0.19,0.43,3.17,5.77,2.63,1.865013774104683,3.1399999999999997,0.0,0.0,0,15.5,4.11,4.08,822,765
115730,Kendrick Perkins,CLEVELAND CAVALIERS,2021-04-15,HOME,GOLDEN STATE WARRIORS,12.97,0.83,0.06,0.88,0.66,1.55,0.1,0.51,0.57,9.2,9.2,9.2,1.0,0.0,0.0,0.0,0,15.5,7.1,6.84,1419,1282
115731,Tyler Ennis,LOS ANGELES LAKERS,2021-04-15,AWAY,BOSTON CELTICS,13.99,0.9,0.03,0.44,0.79,0.99,0.1,0.38,0.48,8.92,10.26,11.7,0.8866141732283465,-1.4399999999999995,0.0,0.0,0,15.5,5.72,5.54,1145,1038
115732,London Perrantes,CLEVELAND CAVALIERS,2021-04-15,HOME,GOLDEN STATE WARRIORS,27.13,0.48,0.34,0.45,0.8,0.78,0.2,0.34,0.71,0.68,1.19,0.5,1.46,0.69,0.0,0.0,0,15.5,5.47,5.5,1094,1030
115733,Travis Wear,LOS ANGELES LAKERS,2021-04-15,AWAY,BOSTON CELTICS,14.04,0.61,0.36,0.28,1.92,0.5,0.36,0.32,0.4,9.43,8.84,10.2,0.8785714285714287,-1.3599999999999994,0.0,0.0,0,15.5,7.27,7.07,1455,1326
115734,Brandon Jennings,MILWAUKEE BUCKS,2021-04-15,HOME,ATLANTA HAWKS,10.02,0.93,0.32,0.52,1.53,1.82,0.18,0.3,0.52,18.51,14.47,21.07,0.7009515178975986,-6.6,0.43308262587124474,0.0,0,15.5,8.83,8.84,1765,1658
115735,José Calderón,CLEVELAND CAVALIERS,2021-04-15,AWAY,GOLDEN STATE WARRIORS,13.66,0.62,0.4,0.37,1.12,1.18,0.13,0.33,0.39,5.47,3.97,6.2,0.6902777777777779,-2.23,0.0,0.0,0,15.5,6.91,6.9,1383,1295
115736,David West,GOLDEN STATE WARRIORS,2021-04-15,HOME,CLEVELAND CAVALIERS,12.6,0.95,0.15,0.25,1.44,0.78,0.43,0.37,0.53,15.55,16.24,14.43,1.1173039533376539,1.8099999999999987,0.0,0.0,0,15.5,7.37,6.98,1474,1309
115737,Nick Young,GOLDEN STATE WARRIORS,2021-04-15,HOME,CLEVELAND CAVALIERS,15.8,0.65,1.44,0.52,0.89,1.04,0.12,0.71,0.12,8.02,10.47,3.23,2.7115839243498816,7.24,0.0,2.166353455488337,0,15.5,11.14,11.13,2228,2087
115738,Jason Terry,MILWAUKEE BUCKS,2021-04-15,AWAY,ATLANTA HAWKS,12.42,0.4,0.5,0.0,0.65,0.34,0.13,0.19,0.17,3.76,6.13,1.73,2.6117216117216118,4.4,0.0,0.0,0,15.5,4.38,4.43,876,830
115739,Shabazz Muhammad,MILWAUKEE BUCKS,2021-04-15,AWAY,ATLANTA HAWKS,8.08,0.32,0.03,0.0,0.42,0.01,0.05,0.1,0.06,8.22,7.79,8.7,0.9061855670103093,-0.9099999999999993,0.0,0.0,0,15.5,1.64,1.55,328,292
115740,Jeff Green,CLEVELAND CAVALIERS,2021-04-15,HOME,GOLDEN STATE WARRIORS,25.45,3.0,0.5,2.97,4.33,2.76,0.31,0.65,0.95,25.62,24.47,31.37,0.7868396663577385,-6.900000000000002,0.2405197878498055,0.0,0,20.0,21.74,21.72,4347,4072
115741,Shane Larkin,BOSTON CELTICS,2021-04-15,HOME,LOS ANGELES LAKERS,13.25,0.66,0.52,0.42,1.0,0.74,0.08,0.2,0.27,6.15,5.41,6.0,0.9157142857142857,-0.5899999999999999,0.0,0.0,0,15.5,6.18,6.35,1236,1190
115742,Sam Dekker,CLEVELAND CAVALIERS,2021-04-15,AWAY,GOLDEN STATE WARRIORS,14.92,1.25,0.14,0.0,1.78,0.67,0.0,0.51,0.5,12.71,14.6,12.07,1.1935730680948737,2.5299999999999994,0.0,0.0,0,15.5,7.09,6.99,1418,1311
115743,Andrew Harrison,CLEVELAND CAVALIERS,2021-04-15,AWAY,GOLDEN STATE WARRIORS,15.08,1.14,0.26,1.19,1.75,1.56,0.24,0.35,0.94,10.36,9.45,10.93,0.875943000838223,-1.4800000000000004,0.0,0.0,0,15.5,9.52,9.62,1904,1803
115744,Ryan Anderson,PHOENIX SUNS,2021-04-15,HOME,SACRAMENTO KINGS,10.56,0.56,0.21,0.48,1.91,0.63,0.13,0.24,0.47,8.29,6.28,13.1,0.5163120567375887,-6.819999999999999,1.0298225373816532,0.0,0,15.5,6.11,6.17,1221,1157
115745,George King,PHOENIX SUNS,2021-04-15,AWAY,SACRAMENTO KINGS,6.71,0.14,0.02,0.15,0.56,0.2,0.06,0.17,0.16,1.2,1.2,1.2,1.0,0.0,0.0,0.0,0,15.5,1.99,1.88,398,352
115746,Jaylen Morris,MILWAUKEE BUCKS,2021-04-15,AWAY,ATLANTA HAWKS,8.66,0.37,0.13,0.0,0.74,0.3,0.06,0.22,0.27,6.57,8.77,5.87,1.4221251819505094,2.8999999999999995,0.0,0.0,0,15.5,3.04,3.0,608,562
115747,Miles Plumlee,ATLANTA HAWKS,2021-04-15,AWAY,MILWAUKEE BUCKS,10.31,0.78,0.0,0.24,1.36,0.38,0.08,0.13,0.18,11.37,10.19,12.1,0.8541984732824427,-1.9100000000000001,0.0,0.0,0,15.5,4.45,4.4,890,825
115748,Eric Moreland,PHOENIX SUNS,2021-04-15,HOME,SACRAMENTO KINGS,8.84,0.53,0.04,0.23,1.86,0.44,0.14,0.18,0.4,7.41,6.57,5.73,1.12481426448737,0.8399999999999999,0.0,0.0,0,15.5,4.86,4.86,972,910
115749,Patrick McCaw,CLEVELAND CAVALIERS,2021-04-15,HOME,GOLDEN STATE WARRIORS,12.97,0.97,0.12,0.68,1.22,1.16,0.05,0.24,0.58,4.69,6.7,4.97,1.289782244556114,1.7300000000000004,0.0,0.0,0,18.0,6.47,6.59,1295,1237
115750,Jalen Jones,CLEVELAND CAVALIERS,2021-04-15,AWAY,GOLDEN STATE WARRIORS,14.39,0.71,0.99,0.57,1.55,0.64,0.17,0.38,0.61,6.11,7.98,2.47,2.5878962536023056,5.51,0.0,0.0,0,15.5,8.82,9.15,1764,1715
115751,Jason Smith,MILWAUKEE BUCKS,2021-04-15,AWAY,ATLANTA HAWKS,5.72,0.07,0.01,0.0,0.22,0.03,0.06,0.01,0.04,6.01,6.43,5.7,1.1089552238805969,0.7299999999999995,0.0,0.0,0,15.5,0.65,0.61,130,115
115752,Lonzo Ball,LOS ANGELES LAKERS,2021-04-15,AWAY,BOSTON CELTICS,26.86,2.33,0.49,0.74,4.01,5.5,0.43,1.14,1.72,35.41,34.94,41.03,0.8551034975017844,-6.090000000000003,0.0,0.0,0,16.0,22.92,22.66,4584,4248
115753,T.J. Warren,PHOENIX SUNS,2021-04-15,HOME,SACRAMENTO KINGS,19.73,4.72,0.45,1.56,4.23,2.32,0.32,0.94,1.56,44.43,37.59,22.63,1.6330935251798564,14.960000000000004,0.0,3.2372420705189158,0,24.0,23.13,23.08,4625,4328
115754,Quincy Acy,PHOENIX SUNS,2021-04-15,AWAY,SACRAMENTO KINGS,13.68,0.48,0.24,0.54,1.5,0.74,0.21,0.15,0.32,3.43,7.0,0.4,5.714285714285714,6.6,0.0,1.422144014013585,0,15.5,5.89,5.88,1178,1103
115755,Emanuel Terry,PHOENIX SUNS,2021-04-15,AWAY,SACRAMENTO KINGS,7.19,0.44,0.0,0.26,0.82,0.47,0.0,0.18,0.24,8.79,9.47,9.47,1.0,0.0,0.0,0.0,0,15.5,3.13,3.11,626,583
115756,Tyler Dorsey,ATLANTA HAWKS,2021-04-15,AWAY,MILWAUKEE BUCKS,7.11,0.53,0.03,0.42,0.8,0.36,0.01,0.16,0.05,8.45,9.25,7.6,1.1918604651162792,1.6500000000000004,0.0,0.0,0,15.5,3.53,3.44,706,645
115757,Daniel Hamilton,ATLANTA HAWKS,2021-04-15,AWAY,MILWAUKEE BUCKS,6.46,0.32,0.05,0.16,0.57,0.33,0.02,0.12,0.16,4.19,6.42,3.47,1.6599552572706933,2.9499999999999997,0.0,0.0,0,15.5,2.39,2.38,478,447
115758,Rodney Hood,CLEVELAND CAVALIERS,2021-04-15,HOME,GOLDEN STATE WARRIORS,22.73,1.32,0.77,1.03,2.28,0.88,0.24,0.23,0.91,9.81,10.16,11.4,0.9,-1.2400000000000002,0.0,0.0,0,18.0,10.54,11.02,2107,2066
115759,Kobi Simmons,CLEVELAND CAVALIERS,2021-04-15,HOME,GOLDEN STATE WARRIORS,6.32,0.42,0.04,0.13,0.7,0.26,0.05,0.18,0.26,6.89,9.71,2.47,3.086455331412104,7.24,0.0,2.367270973590682,0,10.0,2.75,2.71,550,507
115760,Iman Shumpert,SACRAMENTO KINGS,2021-04-15,HOME,PHOENIX SUNS,23.08,1.19,1.99,0.91,2.63,1.28,0.15,0.64,0.58,8.79,9.71,3.6,2.328260869565218,6.110000000000001,0.0,0.0,0,15.5,16.13,16.75,3225,3141
115761,Justin Jackson,SACRAMENTO KINGS,2021-04-15,HOME,PHOENIX SUNS,12.23,1.0,0.42,0.94,1.15,0.86,0.04,0.26,0.42,10.34,13.06,8.77,1.4390992835209828,4.290000000000001,0.0,0.0,0,6.0,7.35,7.53,1470,1411
115762,Ivica Zubac,LOS ANGELES LAKERS,2021-04-15,AWAY,BOSTON CELTICS,19.64,2.46,0.1,1.17,6.76,1.5,0.46,0.34,0.92,21.66,22.31,21.2,1.05,1.1099999999999994,0.0,0.0,0,24.0,18.23,18.28,3646,3428
115763,Sviatoslav Mykhailiuk,LOS ANGELES LAKERS,2021-04-15,AWAY,BOSTON CELTICS,17.73,1.24,0.35,0.89,2.0,2.4,0.0,0.49,1.0,18.89,19.35,17.27,1.113847837985769,2.080000000000002,0.0,0.0,0,5.0,10.89,11.18,2178,2095
115764,Michael Beasley,LOS ANGELES LAKERS,2021-04-15,AWAY,BOSTON CELTICS,11.61,0.9,0.05,0.28,1.02,0.26,0.02,0.18,0.39,9.65,10.9,10.1,1.0720720720720722,0.8000000000000007,0.0,0.0,0,4.5,4.05,4.12,811,773
115765,Skal Labissière,SACRAMENTO KINGS,2021-04-15,HOME,PHOENIX SUNS,13.18,1.11,0.12,0.21,2.48,0.42,0.31,0.0,0.51,15.39,15.11,17.8,0.8569148936170212,-2.6900000000000013,0.0,0.0,0,6.0,6.82,6.95,1363,1302
115766,Jaron Blossomgame,CLEVELAND CAVALIERS,2021-04-15,AWAY,GOLDEN STATE WARRIORS,15.42,0.93,0.58,0.53,2.89,0.72,0.25,0.47,0.55,9.95,12.35,5.13,2.1778140293637844,7.22,0.0,1.7625679643967702,0,15.5,10.29,10.28,2058,1927
115767,Jeremy Lin,ATLANTA HAWKS,2021-04-15,HOME,MILWAUKEE BUCKS,22.46,2.67,1.54,3.24,0.84,3.06,0.11,0.43,1.28,22.33,21.78,22.97,0.950354609929078,-1.1899999999999977,0.0,0.0,0,15.5,19.14,20.05,3828,3759
115768,Trevon Duval,MILWAUKEE BUCKS,2021-04-15,AWAY,ATLANTA HAWKS,2.89,0.09,0.01,0.0,0.18,0.1,0.01,0.04,0.03,2.86,3.07,3.07,1.0,0.0,0.0,0.0,0,15.5,0.7,0.67,139,127
115769,Jawun Evans,PHOENIX SUNS,2021-04-15,AWAY,SACRAMENTO KINGS,7.89,0.44,0.06,0.16,0.81,0.58,0.03,0.24,0.51,6.17,4.38,9.5,0.5123809523809524,-5.12,0.0,0.0,0,15.5,3.36,3.42,672,641
115770,Jordan Sibert,ATLANTA HAWKS,2021-04-15,HOME,MILWAUKEE BUCKS,5.27,0.16,0.36,0.13,0.1,0.03,0.03,0.11,0.23,3.0,3.0,3.0,1.0,0.0,0.0,0.0,0,15.5,1.89,2.04,377,383
115771,Brandon Ingram,LOS ANGELES LAKERS,2021-04-15,AWAY,BOSTON CELTICS,34.71,4.42,1.77,3.64,3.57,2.85,0.53,0.27,2.61,37.25,37.7,43.7,0.8657718120805369,-6.0,0.0,0.0,0,4.0,26.14,27.71,5228,5195
115772,Christian Wood,MILWAUKEE BUCKS,2021-04-15,AWAY,ATLANTA HAWKS,9.75,2.13,0.59,1.93,3.21,0.57,0.41,0.29,0.53,36.23,37.71,33.33,1.1275852024468396,4.380000000000003,0.0,0.0,0,16.0,14.24,14.26,2847,2673
115773,Isaiah Canaan,MILWAUKEE BUCKS,2021-04-15,AWAY,ATLANTA HAWKS,16.18,1.42,0.76,0.97,1.37,2.35,0.11,0.61,0.86,19.66,17.89,20.4,0.8827102803738318,-2.509999999999998,0.0,0.0,0,15.5,12.56,12.72,2512,2385
115774,Alex Poythress,ATLANTA HAWKS,2021-04-15,HOME,MILWAUKEE BUCKS,11.77,0.83,0.13,0.41,2.28,0.36,0.18,0.12,0.33,11.29,10.75,15.9,0.6952662721893492,-5.15,0.0,0.0,0,15.5,6.31,6.35,1261,1191
115775,Pau Gasol,MILWAUKEE BUCKS,2021-04-15,AWAY,ATLANTA HAWKS,12.24,0.57,0.53,0.08,1.63,0.54,0.31,0.18,0.08,16.18,13.08,18.13,0.7360167276529013,-5.049999999999999,0.0,0.0,0,15.5,6.97,6.86,1393,1287
115776,Tyler Zeller,ATLANTA HAWKS,2021-04-15,HOME,MILWAUKEE BUCKS,6.79,0.79,0.0,0.63,1.3,0.27,0.17,0.04,0.25,11.26,12.89,3.87,2.8521560574948666,9.02,0.0,3.394214150703016,0,18.0,4.55,4.54,911,850
115777,Malcolm Brogdon,MILWAUKEE BUCKS,2021-04-15,AWAY,ATLANTA HAWKS,12.44,2.7,0.2,1.69,2.26,2.14,0.19,0.46,1.03,34.31,36.13,40.7,0.8904076738609112,-4.57,0.0,0.0,0,24.0,14.53,14.61,2906,2739
115778,Josh Hart,LOS ANGELES LAKERS,2021-04-15,AWAY,BOSTON CELTICS,19.23,2.01,1.8,1.28,4.61,1.62,0.11,0.48,0.93,24.86,26.0,30.93,0.8455997494519261,-4.93,0.0,0.0,0,5.0,19.5,20.51,3900,3845
115779,Andre Ingram,LOS ANGELES LAKERS,2021-04-15,AWAY,BOSTON CELTICS,13.2,0.9,0.31,0.37,1.71,1.25,0.28,0.46,0.85,13.22,10.18,1.8,3.992857142857143,8.379999999999999,0.0,3.6240955695438863,0,15.5,8.4,8.32,1679,1560
115780,Tyson Chandler,LOS ANGELES LAKERS,2021-04-15,HOME,BOSTON CELTICS,13.17,0.34,0.01,0.0,2.26,0.38,0.35,0.27,0.39,7.61,8.78,6.7,1.27012987012987,2.079999999999999,0.0,0.0,0,24.0,5.46,5.16,1092,967
115781,Scott Machado,LOS ANGELES LAKERS,2021-04-15,HOME,BOSTON CELTICS,5.56,0.17,0.03,0.01,0.14,0.3,0.02,0.1,0.15,4.57,4.38,5.83,0.787701317715959,-1.4500000000000002,0.0,0.0,0,15.5,1.27,1.25,254,233
115782,Greg Monroe,BOSTON CELTICS,2021-04-15,AWAY,LOS ANGELES LAKERS,5.75,0.39,0.0,0.09,0.64,0.14,0.01,0.05,0.2,7.3,9.0,3.2,2.380952380952381,5.8,0.0,0.0,0,15.5,1.83,1.9,366,356
115783,Reggie Bullock,LOS ANGELES LAKERS,2021-04-15,AWAY,BOSTON CELTICS,27.79,0.86,3.12,0.98,2.0,1.11,0.23,0.6,0.49,19.38,18.85,25.67,0.7442819647544057,-6.82,0.40013192681808496,0.0,0,12.0,18.13,19.2,3625,3600
115784,Lance Stephenson,LOS ANGELES LAKERS,2021-04-15,HOME,BOSTON CELTICS,20.59,1.49,1.19,0.76,2.5,1.44,0.22,0.65,1.13,10.6,12.93,4.93,2.3490725126475547,8.0,0.0,2.553753173673278,0,15.5,13.95,14.37,2790,2693
115785,Kosta Koufos,SACRAMENTO KINGS,2021-04-15,AWAY,PHOENIX SUNS,13.93,1.26,0.01,0.0,3.04,0.86,0.11,0.67,0.67,15.82,14.97,14.03,1.0625415834996674,0.9400000000000013,0.0,0.0,0,15.5,9.16,8.87,1832,1663
115786,Jamal Crawford,PHOENIX SUNS,2021-04-15,AWAY,SACRAMENTO KINGS,28.16,1.31,4.87,1.22,1.74,2.02,0.24,0.32,1.1,6.03,10.21,4.5,2.0381818181818185,5.710000000000001,0.0,0.0,0,24.5,24.15,26.66,4830,4999
115787,Jemerrio Jones,LOS ANGELES LAKERS,2021-04-15,HOME,BOSTON CELTICS,36.79,1.99,0.8,0.0,8.51,2.28,0.59,1.22,1.17,22.77,22.72,9.03,2.3649052841475573,13.69,0.0,4.071128526038119,0,15.5,24.27,23.87,4854,4476
115788,PJ Dozier,BOSTON CELTICS,2021-04-15,AWAY,LOS ANGELES LAKERS,32.78,1.79,0.88,1.74,3.69,1.74,0.37,0.58,0.65,14.87,15.08,12.67,1.1762984637893195,2.41,0.0,0.0,0,4.0,17.2,17.2,3440,3225
115789,Johnathan Williams,LOS ANGELES LAKERS,2021-04-15,HOME,BOSTON CELTICS,22.06,0.84,0.0,0.0,4.35,0.54,0.46,0.1,0.36,13.59,14.18,12.27,1.143933685003768,1.9100000000000001,0.0,0.0,0,24.0,9.03,8.87,1806,1663
115790,R.J. Hunter,BOSTON CELTICS,2021-04-15,AWAY,LOS ANGELES LAKERS,19.66,0.6,2.23,0.3,1.13,0.6,0.13,0.36,0.37,6.94,7.31,10.77,0.7060322854715377,-3.46,0.0,0.0,0,15.5,11.55,12.41,2309,2327
115791,Mike Muscala,LOS ANGELES LAKERS,2021-04-15,HOME,BOSTON CELTICS,28.15,1.71,2.51,1.48,4.14,1.59,0.35,0.58,1.05,17.44,18.23,15.2,1.1870370370370371,3.030000000000001,0.0,0.0,0,24.0,21.52,22.58,4305,4234
115792,Josh Jackson,PHOENIX SUNS,2021-04-15,AWAY,SACRAMENTO KINGS,37.53,3.0,1.5,1.79,4.47,3.08,0.65,1.06,1.91,24.81,25.14,28.23,0.8942866917550462,-3.09,0.0,0.0,0,27.0,25.49,25.71,5099,4821
115793,Channing Frye,CLEVELAND CAVALIERS,2021-04-15,HOME,GOLDEN STATE WARRIORS,9.51,0.3,0.66,0.33,0.92,0.36,0.16,0.27,0.48,4.62,5.44,3.6,1.4000000000000001,1.8400000000000003,0.0,0.0,0,15.5,5.36,5.55,1073,1041
115794,De'Anthony Melton,PHOENIX SUNS,2021-04-15,AWAY,SACRAMENTO KINGS,21.86,1.96,0.62,0.67,3.54,3.49,0.0,1.5,1.4,26.91,26.03,31.57,0.8299048203868591,-5.539999999999999,0.0,0.0,0,22.0,19.03,18.72,3807,3510
115795,Ray Spalding,PHOENIX SUNS,2021-04-15,AWAY,SACRAMENTO KINGS,16.19,0.89,0.06,0.34,1.97,0.85,0.34,0.24,0.79,7.13,6.11,4.33,1.3339587242026267,1.7800000000000002,0.0,0.0,0,22.5,6.89,6.83,1378,1281
115796,Isaac Bonga,LOS ANGELES LAKERS,2021-04-15,HOME,BOSTON CELTICS,6.07,0.03,0.0,0.0,0.38,0.0,0.04,0.0,0.16,4.6,6.09,3.7,1.5085106382978724,2.3899999999999997,0.0,0.0,0,5.0,0.48,0.53,95,100
115797,Nik Stauskas,CLEVELAND CAVALIERS,2021-04-15,HOME,GOLDEN STATE WARRIORS,13.17,0.88,0.74,0.51,0.93,0.96,0.05,0.2,0.59,11.35,10.6,12.43,0.8637379002233805,-1.83,0.0,0.0,0,15.5,7.21,7.67,1441,1438
115798,Jimmer Fredette,PHOENIX SUNS,2021-04-15,AWAY,SACRAMENTO KINGS,15.66,1.05,0.35,0.6,1.32,1.48,0.01,0.31,0.58,7.64,7.73,6.2,1.2125000000000001,1.5300000000000002,0.0,0.0,0,15.5,7.93,8.14,1587,1527
115799,Deng Adel,CLEVELAND CAVALIERS,2021-04-15,HOME,GOLDEN STATE WARRIORS,8.71,0.3,0.17,0.3,0.97,0.39,0.2,0.19,0.34,4.8,5.66,3.2,1.5857142857142856,2.46,0.0,0.0,0,15.5,3.99,3.9,798,732
115800,David Nwaba,CLEVELAND CAVALIERS,2021-04-15,HOME,GOLDEN STATE WARRIORS,11.71,1.43,0.42,0.71,2.7,0.38,0.22,0.14,0.42,18.26,22.13,21.0,1.0513636363636363,1.129999999999999,0.0,0.0,0,10.0,9.3,9.49,1860,1780
115801,Bonzie Colson,MILWAUKEE BUCKS,2021-04-15,HOME,ATLANTA HAWKS,33.84,1.53,2.37,0.85,3.59,0.5,0.08,0.69,0.45,10.95,11.81,2.3,3.8818181818181823,9.510000000000002,0.0,4.044532785475112,0,15.5,17.94,18.76,3588,3517
115802,Marcus Derrickson,GOLDEN STATE WARRIORS,2021-04-15,AWAY,CLEVELAND CAVALIERS,7.34,0.23,0.83,0.14,0.34,0.04,0.05,0.04,0.14,3.29,4.77,1.8,2.0607142857142855,2.9699999999999998,0.0,0.0,0,15.5,3.69,4.1,738,769
115803,Justin Anderson,ATLANTA HAWKS,2021-04-15,HOME,MILWAUKEE BUCKS,14.42,1.02,0.77,0.89,2.42,0.77,0.35,0.45,0.47,9.98,9.53,10.07,0.9512195121951219,-0.5400000000000009,0.0,0.0,0,15.5,11.23,11.17,2246,2094
115804,Deyonta Davis,ATLANTA HAWKS,2021-04-15,HOME,MILWAUKEE BUCKS,7.18,0.48,0.0,0.25,1.18,0.17,0.11,0.22,0.21,10.48,11.16,6.17,1.695955369595537,4.99,0.0,0.0,0,15.5,3.66,3.49,732,655
115805,Isaac Humphries,ATLANTA HAWKS,2021-04-15,HOME,MILWAUKEE BUCKS,5.14,0.25,0.09,0.12,0.83,0.07,0.04,0.15,0.11,5.97,6.24,5.73,1.075780089153046,0.5099999999999998,0.0,0.0,0,15.5,2.45,2.4,490,450
115806,Troy Williams,SACRAMENTO KINGS,2021-04-15,AWAY,PHOENIX SUNS,14.33,1.2,0.17,0.84,1.82,0.76,0.11,0.4,0.49,12.8,11.8,15.27,0.7867240319606639,-3.469999999999999,0.0,0.0,0,15.5,8.11,8.03,1623,1505
115807,B.J. Johnson,SACRAMENTO KINGS,2021-04-15,AWAY,PHOENIX SUNS,8.97,0.48,0.02,0.25,0.35,0.16,0.0,0.08,0.24,6.62,6.09,11.57,0.564041368337311,-5.48,0.0,0.0,0,6.0,1.93,2.0,386,375
115808,DeMarcus Cousins,GOLDEN STATE WARRIORS,2021-04-15,HOME,CLEVELAND CAVALIERS,15.81,1.75,0.62,0.95,4.85,1.54,0.23,0.82,0.74,24.17,23.51,17.77,1.3058071390516783,5.740000000000002,0.0,0.0,0,15.5,16.85,16.72,3370,3135
115809,Jordan Bell,GOLDEN STATE WARRIORS,2021-04-15,HOME,CLEVELAND CAVALIERS,6.27,0.46,0.0,0.41,1.02,0.27,0.16,0.09,0.34,11.15,10.23,15.23,0.6919285274183611,-5.0,0.0,0.0,0,19.0,3.37,3.34,674,626
115810,Kevin Durant,GOLDEN STATE WARRIORS,2021-04-15,HOME,CLEVELAND CAVALIERS,39.75,5.86,2.53,7.2,6.05,4.03,1.21,0.36,3.08,38.29,40.49,33.53,1.2015638575152041,6.960000000000001,0.0,0.0,0,18.0,41.45,42.98,8289,8059
115811,Marcus Morris,BOSTON CELTICS,2021-04-15,AWAY,LOS ANGELES LAKERS,24.26,1.7,2.38,0.45,3.19,1.04,0.26,0.68,0.99,20.08,21.35,18.33,1.1562338334195552,3.020000000000003,0.0,0.0,0,15.0,18.21,19.11,3642,3584
115812,Andre Iguodala,GOLDEN STATE WARRIORS,2021-04-15,HOME,CLEVELAND CAVALIERS,27.61,1.39,1.65,1.91,3.19,1.98,0.53,0.94,0.54,14.36,12.86,15.67,0.8314337132573484,-2.8100000000000005,0.0,0.0,0,28.0,20.31,20.09,4062,3767
115813,Klay Thompson,GOLDEN STATE WARRIORS,2021-04-15,HOME,CLEVELAND CAVALIERS,37.52,3.93,2.8,1.36,2.38,1.81,0.17,0.91,1.62,34.82,33.95,34.1,0.9957264957264957,-0.14999999999999858,0.0,0.0,0,18.0,24.81,26.06,4962,4886
115814,Nikola Mirotić,MILWAUKEE BUCKS,2021-04-15,HOME,ATLANTA HAWKS,23.49,2.89,1.03,1.82,8.69,1.07,0.62,1.14,0.7,37.45,35.29,43.0,0.8247727272727272,-7.710000000000001,0.06069092977844143,0.0,0,15.5,27.3,26.84,5461,5033
115815,Al Horford,BOSTON CELTICS,2021-04-15,AWAY,LOS ANGELES LAKERS,27.57,3.45,2.65,0.95,5.52,2.82,0.62,1.1,2.1,34.07,36.4,29.37,1.2314784326638128,7.029999999999998,0.0,0.04170319192718781,0,11.0,29.71,30.64,5943,5746
115816,Terry Rozier,BOSTON CELTICS,2021-04-15,AWAY,LOS ANGELES LAKERS,26.58,2.84,0.36,2.04,3.21,3.01,0.27,1.4,1.56,32.38,32.99,31.53,1.0448816477098064,1.4600000000000009,0.0,0.0,0,4.0,20.62,20.07,4123,3763
115817,Guerschon Yabusele,BOSTON CELTICS,2021-04-15,AWAY,LOS ANGELES LAKERS,6.28,0.27,0.0,0.18,0.34,0.24,0.01,0.05,0.15,5.03,5.92,2.87,1.7881136950904393,3.05,0.0,0.0,0,15.5,1.52,1.55,304,291
115818,Jonas Jerebko,GOLDEN STATE WARRIORS,2021-04-15,HOME,CLEVELAND CAVALIERS,15.4,1.29,0.57,0.92,3.8,0.95,0.23,0.3,0.63,14.79,16.62,12.27,1.3278070836473248,4.350000000000001,0.0,0.0,0,15.5,12.15,12.42,2431,2328
115819,Shaun Livingston,GOLDEN STATE WARRIORS,2021-04-15,HOME,CLEVELAND CAVALIERS,15.78,1.43,0.0,0.58,1.64,1.4,0.23,0.44,0.68,12.13,14.59,8.83,1.5859613428280772,5.76,0.0,0.0,0,15.5,8.84,8.59,1768,1611
115820,Andrew Bogut,GOLDEN STATE WARRIORS,2021-04-15,HOME,CLEVELAND CAVALIERS,11.51,0.84,0.07,0.03,2.27,0.49,0.17,0.37,0.4,14.12,13.38,14.83,0.9084017687934303,-1.4499999999999993,0.0,0.0,0,15.5,6.6,6.41,1320,1201
115821,Tim Frazier,MILWAUKEE BUCKS,2021-04-15,HOME,ATLANTA HAWKS,8.42,0.36,0.0,0.22,0.41,0.99,0.12,0.34,0.39,9.84,7.97,6.43,1.2072678331090174,1.54,0.0,0.0,0,15.5,3.91,3.66,781,687
115822,Kyrie Irving,BOSTON CELTICS,2021-04-15,AWAY,LOS ANGELES LAKERS,30.79,5.04,1.24,3.2,5.31,3.97,0.63,1.06,2.93,44.82,43.35,51.0,0.8528846153846155,-7.649999999999999,0.0,0.0,0,4.0,31.47,32.13,6293,6024
115823,Tyrone Wallace,ATLANTA HAWKS,2021-04-15,HOME,MILWAUKEE BUCKS,8.52,0.49,0.06,0.45,0.76,0.38,0.06,0.21,0.24,5.65,6.22,4.1,1.415686274509804,2.12,0.0,0.0,0,15.5,3.66,3.58,732,671
115824,Jordan Clarkson,CLEVELAND CAVALIERS,2021-04-15,HOME,GOLDEN STATE WARRIORS,28.53,3.02,5.04,2.96,4.52,2.22,0.35,0.78,1.91,25.23,24.01,26.53,0.9084634943697785,-2.5199999999999996,0.0,0.0,0,7.0,34.35,36.93,6871,6923
115825,Chandler Parsons,ATLANTA HAWKS,2021-04-15,HOME,MILWAUKEE BUCKS,12.51,0.89,0.35,0.4,1.67,0.74,0.02,0.51,0.45,9.22,9.71,9.93,0.9798719121683441,-0.21999999999999886,0.0,0.0,0,15.5,7.48,7.44,1497,1395
115826,Wenyen Gabriel,SACRAMENTO KINGS,2021-04-15,HOME,PHOENIX SUNS,5.59,0.17,0.0,0.08,0.53,0.09,0.0,0.07,0.22,3.11,3.51,5.97,0.6470588235294118,-2.46,0.0,0.0,0,6.0,1.18,1.25,236,234
115827,Caleb Swanigan,SACRAMENTO KINGS,2021-04-15,HOME,PHOENIX SUNS,4.6,0.2,0.0,0.15,0.47,0.14,0.04,0.0,0.18,4.57,7.43,1.7,3.122222222222222,5.7299999999999995,0.0,0.0,0,6.0,1.26,1.34,253,251
115828,Paul Watson,ATLANTA HAWKS,2021-04-15,AWAY,MILWAUKEE BUCKS,14.69,1.09,0.25,0.65,2.11,1.22,0.05,0.5,0.32,9.53,10.07,7.5,1.3023529411764707,2.5700000000000003,0.0,0.0,0,23.0,9.27,9.11,1854,1709
115829,Allen Crabbe,ATLANTA HAWKS,2021-04-15,HOME,MILWAUKEE BUCKS,15.9,1.15,0.26,0.7,2.35,0.51,0.22,0.5,0.46,11.93,11.59,12.8,0.9123188405797101,-1.2100000000000009,0.0,0.0,0,15.5,9.06,8.82,1813,1654
115830,Brandon Knight,CLEVELAND CAVALIERS,2021-04-15,AWAY,GOLDEN STATE WARRIORS,21.71,1.06,0.25,1.18,2.16,2.19,0.27,0.6,0.8,9.4,8.76,10.03,0.8848594741613781,-1.2699999999999996,0.0,0.0,0,13.0,11.74,11.5,2347,2156
115831,Trevor Ariza,SACRAMENTO KINGS,2021-04-15,HOME,PHOENIX SUNS,21.73,1.5,1.16,1.29,2.97,1.53,0.39,0.7,0.6,16.26,16.13,17.77,0.9126265316995205,-1.6400000000000006,0.0,0.0,0,6.0,16.3,16.24,3260,3045
115832,DeAndre' Bembry,ATLANTA HAWKS,2021-04-15,HOME,MILWAUKEE BUCKS,18.05,2.32,0.06,0.9,2.86,2.44,0.13,0.72,1.17,19.9,20.18,29.07,0.7043565014965081,-8.89,1.2646260303616825,0.0,0,5.0,14.19,14.1,2838,2644
115833,Willie Cauley-Stein,GOLDEN STATE WARRIORS,2021-04-15,HOME,CLEVELAND CAVALIERS,13.66,0.82,0.11,0.33,0.96,0.21,0.29,0.17,0.18,9.74,9.94,6.17,1.5258019525801951,3.7699999999999996,0.0,0.0,0,25.0,4.97,4.7,993,881
115834,Tyler Cook,CLEVELAND CAVALIERS,2021-04-15,HOME,GOLDEN STATE WARRIORS,7.93,0.44,0.0,0.39,0.95,0.3,0.1,0.18,0.32,4.77,5.39,7.13,0.7859778597785978,-1.7400000000000002,0.0,0.0,0,19.0,3.38,3.31,676,620
115835,Eric Mika,SACRAMENTO KINGS,2021-04-15,HOME,PHOENIX SUNS,15.12,1.33,0.05,1.05,4.09,0.19,0.08,0.24,0.24,14.4,14.4,14.4,1.0,0.0,0.0,0.0,0,15.5,9.77,9.8,1955,1838
115836,Tyler Johnson,PHOENIX SUNS,2021-04-15,AWAY,SACRAMENTO KINGS,13.33,0.92,0.53,0.95,2.17,1.4,0.16,0.41,0.69,10.31,10.76,11.2,0.9639344262295082,-0.4399999999999995,0.0,0.0,0,24.5,10.1,10.25,2021,1922
115837,Alec Burks,GOLDEN STATE WARRIORS,2021-04-15,AWAY,CLEVELAND CAVALIERS,23.16,2.17,3.15,1.51,2.93,3.06,0.24,0.87,0.97,19.26,18.83,18.5,1.0169230769230768,0.3299999999999983,0.0,0.0,0,28.0,25.77,26.86,5153,5037
115838,Evan Turner,ATLANTA HAWKS,2021-04-15,HOME,MILWAUKEE BUCKS,19.44,1.99,0.0,0.86,2.61,1.35,0.26,0.47,1.35,12.82,12.11,16.1,0.7666666666666666,-3.990000000000002,0.0,0.0,0,12.0,10.84,10.91,2167,2046
115839,Jared Harper,PHOENIX SUNS,2021-04-15,AWAY,SACRAMENTO KINGS,5.88,0.23,0.1,0.21,0.33,0.2,0.06,0.06,0.26,0.44,0.33,0.0,1.33,0.33,0.0,0.0,0,24.5,1.77,1.84,353,345
115840,D'Angelo Russell,GOLDEN STATE WARRIORS,2021-04-15,AWAY,CLEVELAND CAVALIERS,29.84,3.47,0.46,2.94,3.39,2.92,0.46,0.61,1.73,29.86,28.47,35.0,0.8186111111111111,-6.530000000000001,0.04138450294938691,0.0,0,12.0,21.19,21.38,4238,4009
115841,John Henson,CLEVELAND CAVALIERS,2021-04-15,AWAY,GOLDEN STATE WARRIORS,21.62,1.54,0.31,0.64,3.66,1.91,0.78,0.66,0.89,13.95,15.69,14.83,1.054327226784586,0.8599999999999994,0.0,0.0,0,20.0,15.34,14.68,3067,2752
115842,Jacob Evans,GOLDEN STATE WARRIORS,2021-04-15,AWAY,CLEVELAND CAVALIERS,21.96,1.52,0.14,0.7,1.36,1.38,0.37,0.49,1.25,8.05,7.34,10.37,0.7335092348284961,-3.0299999999999994,0.0,0.0,0,28.0,9.19,9.1,1838,1705
115843,Omari Spellman,GOLDEN STATE WARRIORS,2021-04-15,AWAY,CLEVELAND CAVALIERS,20.32,1.62,0.07,1.26,4.16,1.37,0.35,0.35,0.6,15.1,15.55,12.13,1.2604722010662603,3.42,0.0,0.0,0,19.0,13.26,13.1,2651,2456
115844,Charlie Brown,ATLANTA HAWKS,2021-04-15,AWAY,MILWAUKEE BUCKS,4.85,0.19,0.06,0.14,0.27,0.02,0.02,0.03,0.13,4.23,3.68,3.87,0.9609856262833675,-0.18999999999999995,0.0,0.0,0,5.0,1.07,1.13,215,212
115845,Malik Newman,CLEVELAND CAVALIERS,2021-04-15,HOME,GOLDEN STATE WARRIORS,5.25,0.29,0.04,0.61,0.33,0.19,0.1,0.04,0.3,1.0,1.0,1.0,1.0,0.0,0.0,0.0,0,15.5,2.11,2.16,422,405
115846,Tariq Owens,PHOENIX SUNS,2021-04-15,AWAY,SACRAMENTO KINGS,5.63,0.26,0.04,0.21,0.6,0.17,0.03,0.08,0.2,3.47,3.53,3.53,1.0,0.0,0.0,0.0,0,21.0,1.95,2.0,391,374
115847,Jeremy Pargo,GOLDEN STATE WARRIORS,2021-04-15,AWAY,CLEVELAND CAVALIERS,18.25,1.65,2.33,0.22,0.96,1.88,0.0,0.31,0.96,13.28,13.2,13.2,1.0,0.0,0.0,0.0,0,15.5,14.45,15.84,2890,2969
115848,Anthony Tolliver,SACRAMENTO KINGS,2021-04-15,AWAY,PHOENIX SUNS,12.84,0.68,0.28,0.62,1.82,0.65,0.07,0.24,0.37,9.49,11.05,7.53,1.4126611957796014,3.5200000000000005,0.0,0.0,0,6.0,6.54,6.65,1308,1246
115849,J.P. Macura,CLEVELAND CAVALIERS,2021-04-15,HOME,GOLDEN STATE WARRIORS,3.45,0.15,0.0,0.06,0.18,0.16,0.02,0.07,0.08,4.35,4.2,4.2,1.0,0.0,0.0,0.0,0,15.5,1.01,0.96,201,181
115850,Zach Norvell,GOLDEN STATE WARRIORS,2021-04-15,AWAY,CLEVELAND CAVALIERS,13.11,0.47,0.56,0.27,0.73,0.63,0.04,0.31,0.45,6.7,7.83,7.83,1.0,0.0,0.0,0.0,0,15.5,5.31,5.5,1062,1032
115851,Jonah Bolden,PHOENIX SUNS,2021-04-15,AWAY,SACRAMENTO KINGS,5.63,0.23,0.0,0.06,0.52,0.26,0.01,0.11,0.18,5.15,5.63,0.4,4.735714285714286,5.2299999999999995,0.0,0.0,0,15.5,1.71,1.71,343,321
115852,Troy Daniels,LOS ANGELES LAKERS,2021-04-15,AWAY,BOSTON CELTICS,11.91,0.37,0.35,0.15,0.8,0.51,0.07,0.24,0.2,6.99,6.06,8.03,0.7818383167220376,-1.9699999999999998,0.0,0.0,0,12.0,4.39,4.4,879,825
115853,Kevin Porter,CLEVELAND CAVALIERS,2021-04-15,HOME,GOLDEN STATE WARRIORS,13.54,3.02,0.5,2.51,3.27,4.79,0.29,0.55,1.66,32.0,33.58,31.77,1.0552334452242906,1.8099999999999987,0.0,0.0,0,18.0,22.02,22.42,4404,4204
115854,Ante Žižić,CLEVELAND CAVALIERS,2021-04-15,HOME,GOLDEN STATE WARRIORS,10.0,0.76,0.21,0.42,1.73,0.41,0.23,0.3,0.43,9.37,8.9,10.73,0.8439897698209718,-1.83,0.0,0.0,0,27.0,6.42,6.3,1284,1181
115855,Dragan Bender,GOLDEN STATE WARRIORS,2021-04-15,HOME,CLEVELAND CAVALIERS,23.23,1.33,1.71,0.4,2.58,1.09,0.27,0.25,0.64,10.58,11.38,8.97,1.2417251755265797,2.41,0.0,0.0,0,8.0,13.84,14.62,2768,2742
115856,Ky Bowman,GOLDEN STATE WARRIORS,2021-04-15,HOME,CLEVELAND CAVALIERS,20.01,1.87,1.17,0.37,1.87,2.22,0.0,0.78,0.96,17.88,17.37,24.13,0.73099880620772,-6.759999999999998,0.4230996030265612,0.0,0,12.0,14.57,14.95,2915,2804
115857,Avery Bradley,LOS ANGELES LAKERS,2021-04-15,HOME,BOSTON CELTICS,17.53,0.9,1.41,0.16,1.94,1.11,0.08,0.45,0.72,12.88,11.28,17.17,0.6758392955421023,-5.890000000000002,0.0,0.0,0,12.0,11.05,11.69,2211,2191
115858,Chasson Randle,GOLDEN STATE WARRIORS,2021-04-15,HOME,CLEVELAND CAVALIERS,14.1,0.93,0.52,0.48,0.99,1.52,0.0,0.54,0.48,11.46,10.45,14.87,0.7214870825456837,-4.42,0.0,0.0,0,12.0,8.51,8.52,1702,1597
115859,Matt Mooney,CLEVELAND CAVALIERS,2021-04-15,AWAY,GOLDEN STATE WARRIORS,12.28,0.3,0.12,0.0,0.59,0.25,0.06,0.31,0.34,3.96,4.03,3.57,1.100656455142232,0.4600000000000004,0.0,0.0,0,7.0,2.81,2.7,563,507
115860,Aron Baynes,PHOENIX SUNS,2021-04-15,AWAY,SACRAMENTO KINGS,25.16,2.4,0.54,1.07,6.11,1.59,0.24,0.32,1.12,19.41,18.96,18.4,1.0288659793814434,0.5600000000000023,0.0,0.0,0,12.0,17.77,18.34,3553,3439
115861,Dewayne Dedmon,ATLANTA HAWKS,2021-04-15,HOME,MILWAUKEE BUCKS,23.33,1.6,0.38,1.15,4.44,1.01,0.49,0.34,0.66,14.47,12.36,18.2,0.6958333333333333,-5.84,0.0,0.0,0,14.0,14.16,14.08,2833,2639
115862,Treveon Graham,ATLANTA HAWKS,2021-04-15,HOME,MILWAUKEE BUCKS,18.79,1.84,0.69,0.62,3.36,1.08,0.0,0.71,0.59,16.51,14.95,17.23,0.8749314317059791,-2.280000000000001,0.0,0.0,0,5.0,13.56,13.66,2712,2561
115863,Vince Carter,ATLANTA HAWKS,2021-04-15,HOME,MILWAUKEE BUCKS,14.25,1.16,0.64,0.94,2.15,0.84,0.26,0.5,0.62,13.55,11.08,15.83,0.7177658942364825,-4.75,0.0,0.0,0,23.0,10.68,10.66,2136,1998
115864,Jalen Lecque,PHOENIX SUNS,2021-04-15,HOME,SACRAMENTO KINGS,6.16,0.31,0.01,0.24,0.47,0.3,0.05,0.07,0.24,2.7,3.04,2.77,1.0716180371352786,0.27,0.0,0.0,0,22.0,2.02,2.05,405,385
115865,Ricky Rubio,PHOENIX SUNS,2021-04-15,HOME,SACRAMENTO KINGS,25.07,3.02,1.42,2.83,2.81,6.91,0.1,1.14,1.82,31.13,31.26,30.17,1.0349695219762594,1.0899999999999999,0.0,0.0,0,22.0,28.77,29.29,5753,5491
115866,Elie Okobo,PHOENIX SUNS,2021-04-15,HOME,SACRAMENTO KINGS,11.99,0.87,0.34,0.92,1.05,1.87,0.09,0.3,0.52,7.98,13.06,6.47,1.8821954484605088,6.590000000000001,0.0,0.3486711919697678,0,22.0,8.39,8.49,1679,1591
115867,Cheick Diallo,PHOENIX SUNS,2021-04-15,HOME,SACRAMENTO KINGS,5.18,0.24,0.0,0.07,0.49,0.12,0.05,0.05,0.17,4.84,7.44,4.6,1.5071428571428576,2.8400000000000007,0.0,0.0,0,12.0,1.45,1.46,290,273
115868,Ty Jerome,PHOENIX SUNS,2021-04-15,HOME,SACRAMENTO KINGS,9.57,0.9,0.62,0.59,1.88,1.57,0.16,0.26,0.53,16.38,16.73,15.53,1.072595281306715,1.200000000000001,0.0,0.0,0,22.0,9.59,9.84,1918,1845
115869,Alex Len,SACRAMENTO KINGS,2021-04-15,AWAY,PHOENIX SUNS,12.3,1.07,0.0,0.07,2.08,0.21,0.31,0.21,0.47,17.97,16.38,23.37,0.7131719327041444,-6.990000000000002,0.5931160530959276,0.0,0,18.0,6.11,5.93,1222,1112
115870,Harry Giles,SACRAMENTO KINGS,2021-04-15,AWAY,PHOENIX SUNS,4.13,0.19,0.01,0.03,0.51,0.06,0.0,0.01,0.06,6.74,6.56,6.77,0.972972972972973,-0.20999999999999996,0.0,0.0,0,6.0,1.11,1.16,222,218
115871,Corey Brewer,SACRAMENTO KINGS,2021-04-15,AWAY,PHOENIX SUNS,7.58,0.74,0.23,0.34,0.69,0.58,0.0,0.38,0.31,12.17,13.71,6.83,1.8786717752234994,6.880000000000001,0.0,1.0123522373969809,0,3.5,5.04,4.96,1008,930
115872,Robin Lopez,MILWAUKEE BUCKS,2021-04-15,AWAY,ATLANTA HAWKS,10.11,1.01,0.0,0.14,0.93,0.07,0.2,0.0,0.15,20.32,18.64,19.63,0.9520116335433835,-0.9899999999999984,0.0,0.0,0,17.0,3.83,3.75,766,704
115873,Sterling Brown,MILWAUKEE BUCKS,2021-04-15,AWAY,ATLANTA HAWKS,10.9,0.63,0.41,0.32,1.77,0.45,0.12,0.37,0.44,17.04,17.14,18.73,0.9194120628484541,-1.5899999999999999,0.0,0.0,0,16.0,6.64,6.66,1328,1249
115874,Ersan İlyasova,MILWAUKEE BUCKS,2021-04-15,HOME,ATLANTA HAWKS,14.11,0.49,0.38,0.18,1.44,0.37,0.25,0.41,0.24,6.33,7.0,8.97,0.8024072216649949,-1.9700000000000006,0.0,0.0,0,16.0,6.32,6.04,1265,1133
115875,Vincent Poirier,BOSTON CELTICS,2021-04-15,AWAY,LOS ANGELES LAKERS,4.29,0.13,0.04,0.1,0.38,0.1,0.08,0.02,0.06,3.42,3.26,2.37,1.2640949554896141,0.8899999999999997,0.0,0.0,0,11.0,1.33,1.29,265,243
115876,Frank Mason,MILWAUKEE BUCKS,2021-04-15,HOME,ATLANTA HAWKS,10.01,1.05,0.25,0.72,1.01,1.46,0.09,0.31,0.43,17.5,14.91,17.47,0.8613968597726043,-2.5599999999999987,0.0,0.0,0,24.0,7.74,7.73,1548,1450
115877,Dion Waiters,LOS ANGELES LAKERS,2021-04-15,HOME,BOSTON CELTICS,10.39,1.14,0.42,0.93,1.43,1.11,0.3,0.23,0.65,18.3,15.42,19.83,0.7882861257801249,-4.409999999999998,0.0,0.0,0,14.0,8.79,8.87,1758,1663
115878,Eric Bledsoe,MILWAUKEE BUCKS,2021-04-15,HOME,ATLANTA HAWKS,34.34,2.86,0.92,2.87,4.2,4.38,0.5,1.2,1.6,28.81,27.57,30.63,0.9032564021498578,-3.0599999999999987,0.0,0.0,0,24.0,26.46,26.23,5292,4918
115879,Marvin Williams,MILWAUKEE BUCKS,2021-04-15,HOME,ATLANTA HAWKS,23.64,1.12,0.84,0.52,5.29,0.59,0.55,0.42,0.47,13.89,12.06,16.3,0.7549132947976879,-4.24,0.0,0.0,0,16.0,14.95,14.9,2991,2794
115880,Kyle Korver,MILWAUKEE BUCKS,2021-04-15,HOME,ATLANTA HAWKS,9.74,0.52,0.49,0.47,1.02,0.47,0.07,0.3,0.24,11.4,10.97,10.6,1.031896551724138,0.370000000000001,0.0,0.0,0,16.0,5.78,5.82,1156,1092
115881,George Hill,MILWAUKEE BUCKS,2021-04-15,HOME,ATLANTA HAWKS,25.62,1.77,0.56,1.78,2.52,2.76,0.52,0.95,0.74,21.0,19.0,22.77,0.8413967185527976,-3.7699999999999996,0.0,0.0,0,24.0,17.83,17.14,3567,3214
115882,Gordon Hayward,BOSTON CELTICS,2021-04-15,AWAY,LOS ANGELES LAKERS,28.76,3.58,2.04,2.45,3.84,4.26,0.13,1.37,1.49,36.95,33.86,35.13,0.9648491558261831,-1.2700000000000031,0.0,0.0,0,10.0,29.74,30.2,5948,5662
115883,Enes Kanter,BOSTON CELTICS,2021-04-15,AWAY,LOS ANGELES LAKERS,11.48,1.57,0.11,0.11,5.49,0.07,0.26,0.0,0.42,31.92,32.83,30.03,1.0902352562036737,2.799999999999997,0.0,0.0,0,11.0,10.63,10.91,2127,2046
115884,J.R. Smith,LOS ANGELES LAKERS,2021-04-15,AWAY,BOSTON CELTICS,12.01,0.5,0.58,0.32,0.85,0.4,0.07,0.15,0.39,4.44,4.1,2.47,1.4697406340057635,1.6299999999999994,0.0,0.0,0,8.5,4.95,5.26,990,986
115885,Danny Green,LOS ANGELES LAKERS,2021-04-15,AWAY,BOSTON CELTICS,24.58,1.02,2.64,0.18,3.73,1.92,0.56,0.78,0.68,22.46,21.98,24.33,0.9072246348203712,-2.349999999999998,0.0,0.0,0,12.0,20.84,21.34,4167,4002
115886,Dwight Howard,LOS ANGELES LAKERS,2021-04-15,AWAY,BOSTON CELTICS,8.97,1.13,0.19,0.93,2.85,0.49,0.33,0.16,0.33,25.7,23.66,30.87,0.7737684342641983,-7.210000000000001,0.3895263325254499,0.0,0,24.0,9.05,8.97,1811,1681
115887,Marquese Chriss,GOLDEN STATE WARRIORS,2021-04-15,AWAY,CLEVELAND CAVALIERS,18.7,1.71,0.23,0.77,4.47,1.91,0.67,0.57,1.09,15.13,16.21,17.8,0.9154255319148936,-1.5899999999999999,0.0,0.0,0,30.0,15.74,15.38,3148,2884
115888,Dante Exum,CLEVELAND CAVALIERS,2021-04-15,AWAY,GOLDEN STATE WARRIORS,13.77,0.86,0.16,0.22,1.22,0.91,0.1,0.42,0.59,10.69,8.83,9.03,0.9800598205383849,-0.1999999999999993,0.0,0.0,0,7.0,6.22,6.14,1244,1150
115889,Thon Maker,CLEVELAND CAVALIERS,2021-04-15,HOME,GOLDEN STATE WARRIORS,12.18,0.8,0.05,0.92,1.94,0.82,0.32,0.31,0.51,8.48,8.53,11.4,0.7685483870967741,-2.870000000000001,0.0,0.0,0,27.0,7.61,7.35,1522,1379
115890,Yogi Ferrell,CLEVELAND CAVALIERS,2021-04-15,HOME,GOLDEN STATE WARRIORS,16.72,0.9,1.48,0.62,1.04,1.05,0.17,0.4,0.63,9.01,10.63,17.8,0.6186170212765958,-7.17,1.004750810761316,0.0,0,13.0,10.76,11.3,2153,2119
115891,Marques Bolden,CLEVELAND CAVALIERS,2021-04-15,HOME,GOLDEN STATE WARRIORS,9.8,0.31,0.08,0.52,0.89,0.36,0.18,0.22,0.26,3.74,4.23,6.0,0.7471428571428572,-1.7699999999999996,0.0,0.0,0,15.5,3.93,3.74,786,702
115892,Anthony Davis,LOS ANGELES LAKERS,2021-04-15,AWAY,BOSTON CELTICS,17.29,4.76,0.16,3.05,6.54,1.49,1.04,0.85,2.04,46.37,45.11,40.9,1.1004773269689738,4.210000000000001,0.0,0.0,0,4.0,26.76,26.3,5353,4931
115893,Glenn Robinson,SACRAMENTO KINGS,2021-04-15,HOME,PHOENIX SUNS,13.3,0.79,0.21,0.81,1.58,0.64,0.1,0.22,0.31,7.93,9.13,4.7,1.7771929824561403,4.430000000000001,0.0,0.0,0,6.0,6.53,6.54,1305,1227
115894,Jaylen Adams,MILWAUKEE BUCKS,2021-04-15,HOME,ATLANTA HAWKS,1.56,0.03,0.0,0.0,0.07,0.03,0.01,0.02,0.01,2.59,2.42,2.87,0.883720930232558,-0.4500000000000002,0.0,0.0,0,20.0,0.27,0.25,54,46
115895,Cam Reddish,ATLANTA HAWKS,2021-04-15,HOME,MILWAUKEE BUCKS,22.73,2.3,0.85,1.81,3.17,2.14,0.3,0.66,0.7,14.97,20.0,12.23,1.5873015873015872,7.77,0.0,1.4505151234441434,0,23.0,18.15,18.13,3631,3399
115896,Norvel Pelle,SACRAMENTO KINGS,2021-04-15,AWAY,PHOENIX SUNS,7.12,0.52,0.0,0.27,1.19,0.37,0.29,0.12,0.35,8.47,8.66,8.2,1.05,0.46000000000000085,0.0,0.0,0,18.0,4.17,4.0,835,750
115897,Jared Dudley,LOS ANGELES LAKERS,2021-04-15,AWAY,BOSTON CELTICS,13.11,0.28,0.24,0.01,1.24,0.21,0.06,0.16,0.31,3.92,4.03,5.5,0.7738461538461539,-1.4699999999999998,0.0,0.0,0,5.0,3.44,3.56,689,668
115898,D.J. Wilson,MILWAUKEE BUCKS,2021-04-15,HOME,ATLANTA HAWKS,13.22,0.35,0.53,0.0,1.2,0.09,0.22,0.25,0.22,8.6,8.62,8.47,1.0158394931362196,0.14999999999999858,0.0,0.0,0,16.0,5.06,5.02,1011,941
115899,E'Twaun Moore,PHOENIX SUNS,2021-04-15,HOME,SACRAMENTO KINGS,13.76,1.24,1.11,0.45,1.43,1.87,0.11,0.57,0.93,10.5,12.78,2.4,4.052941176470588,10.379999999999999,0.0,4.35597371493218,0,27.0,11.89,12.3,2378,2307
115900,Jahmi'us Ramsey,SACRAMENTO KINGS,2021-04-15,AWAY,PHOENIX SUNS,5.09,0.17,0.02,0.1,0.22,0.17,0.05,0.09,0.11,3.02,3.06,4.03,0.8071570576540756,-0.9700000000000002,0.0,0.0,0,15.5,1.33,1.27,266,237
115901,Marvin Bagley,SACRAMENTO KINGS,2021-04-15,AWAY,PHOENIX SUNS,18.15,2.37,0.45,0.86,4.41,0.78,0.09,0.27,0.68,20.49,20.53,25.4,0.8155303030303032,-4.869999999999997,0.0,0.0,0,6.0,13.81,14.24,2762,2670
115902,D.J. Augustin,MILWAUKEE BUCKS,2021-04-15,AWAY,ATLANTA HAWKS,12.45,0.98,0.51,1.04,1.2,1.83,0.13,0.3,0.57,15.58,14.78,17.13,0.870380584666299,-2.3499999999999996,0.0,0.0,0,24.0,9.44,9.61,1887,1801
115903,Jabari Parker,SACRAMENTO KINGS,2021-04-15,AWAY,PHOENIX SUNS,9.33,1.15,0.11,0.55,1.33,0.48,0.01,0.2,0.26,14.32,16.86,5.57,2.7184170471841704,11.29,0.0,3.936558017153036,0,6.0,5.87,5.91,1173,1108
115904,LeBron James,LOS ANGELES LAKERS,2021-04-15,HOME,BOSTON CELTICS,16.16,5.04,1.09,4.54,4.86,5.6,0.82,0.96,2.58,50.04,50.65,46.7,1.0828092243186582,3.9499999999999957,0.0,0.0,0,16.0,34.88,35.18,6976,6596
115905,Brad Wanamaker,GOLDEN STATE WARRIORS,2021-04-15,AWAY,CLEVELAND CAVALIERS,15.29,1.61,0.42,1.03,1.12,2.21,0.12,0.47,0.82,17.42,17.14,17.0,1.0077777777777779,0.14000000000000057,0.0,0.0,0,12.0,11.12,11.21,2224,2101
115906,Abdel Nader,PHOENIX SUNS,2021-04-15,HOME,SACRAMENTO KINGS,15.88,1.43,0.64,1.52,2.09,1.22,0.4,0.3,1.17,16.94,14.75,22.47,0.6710694503621645,-7.719999999999999,1.0693632824910502,0.0,0,24.0,11.57,11.88,2314,2227
115907,JaVale McGee,CLEVELAND CAVALIERS,2021-04-15,HOME,GOLDEN STATE WARRIORS,16.15,1.94,0.08,0.84,4.24,0.72,0.85,0.52,1.21,17.41,16.82,13.7,1.2122448979591838,3.120000000000001,0.0,0.0,0,27.0,14.03,13.52,2806,2534
115908,Nemanja Bjelica,SACRAMENTO KINGS,2021-04-15,AWAY,PHOENIX SUNS,15.93,1.45,0.78,0.86,2.82,1.71,0.0,0.51,0.78,15.45,14.17,16.07,0.8886936145284124,-1.9000000000000004,0.0,0.0,0,6.0,12.8,13.21,2560,2477
115909,Rajon Rondo,ATLANTA HAWKS,2021-04-15,AWAY,MILWAUKEE BUCKS,12.34,1.03,0.23,0.42,1.43,2.19,0.11,0.53,0.71,15.63,15.48,17.23,0.9040043883708173,-1.75,0.0,0.0,0,19.0,9.38,9.28,1876,1740
115910,Javonte Green,BOSTON CELTICS,2021-04-15,AWAY,LOS ANGELES LAKERS,6.21,0.19,0.02,0.0,0.24,0.12,0.02,0.1,0.18,4.02,4.47,0.8,3.0388888888888888,3.67,0.0,0.0,0,10.0,1.09,1.08,218,202
115911,Daniel Theis,BOSTON CELTICS,2021-04-15,AWAY,LOS ANGELES LAKERS,24.94,1.94,1.03,1.19,3.41,0.78,0.12,0.41,0.41,18.44,18.69,18.87,0.9909411172622044,-0.17999999999999972,0.0,0.0,0,11.0,14.6,14.96,2920,2805
115912,P.J. Tucker,MILWAUKEE BUCKS,2021-04-15,HOME,ATLANTA HAWKS,18.02,0.52,0.95,0.14,2.9,1.17,0.21,0.81,0.2,12.75,11.02,13.0,0.8585714285714285,-1.9800000000000004,0.0,0.0,0,16.0,12.13,11.82,2425,2217
115913,Cory Joseph,SACRAMENTO KINGS,2021-04-15,HOME,PHOENIX SUNS,21.29,2.45,0.57,1.27,1.95,3.83,0.0,0.83,1.12,25.64,27.55,22.7,1.2046413502109705,4.850000000000001,0.0,0.0,0,1.0,17.33,17.45,3467,3271
115914,De'Andre Hunter,ATLANTA HAWKS,2021-04-15,AWAY,MILWAUKEE BUCKS,27.04,3.25,0.36,3.07,4.83,1.82,0.42,0.71,1.05,29.09,26.41,18.23,1.425377015080603,8.18,0.0,1.2282459232868816,0,23.0,21.52,21.33,4303,4000
115915,Jarrett Allen,CLEVELAND CAVALIERS,2021-04-15,AWAY,GOLDEN STATE WARRIORS,30.45,3.27,0.69,2.41,8.41,1.6,0.99,0.68,1.15,28.54,30.05,29.53,1.0170324271208646,0.5199999999999996,0.0,0.0,0,27.0,27.37,27.04,5474,5070
115916,Quinn Cook,CLEVELAND CAVALIERS,2021-04-15,AWAY,GOLDEN STATE WARRIORS,16.76,1.12,1.09,0.39,1.68,1.36,0.05,0.51,0.86,10.27,8.71,15.2,0.5993827160493828,-6.489999999999998,0.5827837734790303,0.0,0,13.0,10.78,11.28,2155,2114
115917,Dylan Windler,CLEVELAND CAVALIERS,2021-04-15,AWAY,GOLDEN STATE WARRIORS,14.87,0.96,0.29,0.53,2.88,1.03,0.21,0.53,0.74,11.36,8.43,15.2,0.5820987654320988,-6.77,0.8485203932126056,0.0,0,12.5,9.8,9.72,1960,1823
115918,Larry Nance,CLEVELAND CAVALIERS,2021-04-15,AWAY,GOLDEN STATE WARRIORS,27.95,2.6,2.07,1.43,5.91,2.96,0.56,1.11,1.47,26.08,30.22,21.13,1.4107546317216448,9.09,0.0,1.494785801763349,0,27.0,27.91,28.31,5582,5308
115919,Damyean Dotson,CLEVELAND CAVALIERS,2021-04-15,AWAY,GOLDEN STATE WARRIORS,15.15,1.11,0.57,0.66,1.79,1.29,0.12,0.46,0.84,9.35,10.35,7.63,1.3151796060254926,2.7199999999999998,0.0,0.0,0,7.0,9.57,9.79,1915,1835
115920,John Collins,ATLANTA HAWKS,2021-04-15,AWAY,MILWAUKEE BUCKS,16.55,3.23,0.45,2.27,5.55,1.06,0.6,0.39,0.88,31.58,35.1,28.1,1.2405498281786942,7.0,0.0,0.06945553649139112,0,22.0,20.42,20.37,4084,3820
115921,Langston Galloway,PHOENIX SUNS,2021-04-15,HOME,SACRAMENTO KINGS,16.7,0.93,0.59,0.56,1.52,1.41,0.17,0.48,0.94,10.69,8.52,14.93,0.5976145637162587,-6.41,0.5109933309829519,0.0,0,27.0,9.14,9.33,1828,1749
115922,Chris Silva,SACRAMENTO KINGS,2021-04-15,AWAY,PHOENIX SUNS,5.3,0.36,0.0,0.43,0.88,0.36,0.1,0.05,0.13,7.23,7.2,7.13,1.0086100861008611,0.07000000000000028,0.0,0.0,0,6.0,3.07,3.03,613,567
115923,Giannis Antetokounmpo,MILWAUKEE BUCKS,2021-04-15,AWAY,ATLANTA HAWKS,31.23,6.7,0.22,5.87,7.49,4.81,1.02,0.91,2.58,56.6,53.92,58.57,0.9219405741144872,-4.649999999999999,0.0,0.0,0,16.0,39.34,39.19,7869,7348
115924,Alen Smailagić,GOLDEN STATE WARRIORS,2021-04-15,AWAY,CLEVELAND CAVALIERS,9.53,0.57,0.25,0.43,1.03,0.43,0.2,0.21,0.15,6.28,7.1,4.87,1.3798977853492334,2.2299999999999995,0.0,0.0,0,30.0,5.28,5.12,1056,960
115925,Eric Paschall,GOLDEN STATE WARRIORS,2021-04-15,AWAY,CLEVELAND CAVALIERS,19.81,1.89,0.54,1.96,3.68,1.29,0.53,0.61,1.06,11.43,12.31,13.03,0.9486813970064149,-0.7199999999999989,0.0,0.0,0,30.0,16.07,15.92,3214,2984
115926,Robert Woodard,SACRAMENTO KINGS,2021-04-15,HOME,PHOENIX SUNS,3.42,0.14,0.0,0.12,0.32,0.09,0.04,0.06,0.06,4.4,3.4,2.67,1.1989100817438694,0.73,0.0,0.0,0,15.5,1.16,1.11,232,207
115927,DaQuan Jeffries,SACRAMENTO KINGS,2021-04-15,HOME,PHOENIX SUNS,5.97,0.21,0.01,0.1,0.36,0.09,0.03,0.08,0.11,3.01,3.6,2.53,1.3031161473087818,1.0700000000000003,0.0,0.0,0,1.0,1.34,1.3,267,245
115928,Justin James,SACRAMENTO KINGS,2021-04-15,HOME,PHOENIX SUNS,9.21,0.32,0.0,0.24,0.0,0.28,0.0,0.06,0.22,3.37,3.24,1.83,1.4982332155477032,1.4100000000000001,0.0,0.0,0,1.0,1.26,1.31,252,246
115929,Evan Fournier,BOSTON CELTICS,2021-04-15,HOME,LOS ANGELES LAKERS,24.55,2.69,4.01,2.54,1.66,2.43,0.22,0.44,1.34,31.8,28.79,30.13,0.9569547060713138,-1.3399999999999999,0.0,0.0,0,8.0,26.23,28.32,5245,5311
115930,Luke Kornet,BOSTON CELTICS,2021-04-15,HOME,LOS ANGELES LAKERS,13.54,0.43,0.75,0.26,1.6,0.5,0.35,0.14,0.32,7.42,9.37,13.17,0.7318278052223006,-3.8000000000000007,0.0,0.0,0,11.0,7.19,7.32,1438,1372
115931,Tremont Waters,BOSTON CELTICS,2021-04-15,HOME,LOS ANGELES LAKERS,5.81,0.35,0.15,0.27,0.38,0.65,0.01,0.14,0.13,8.34,8.04,6.97,1.1342534504391468,1.0699999999999994,0.0,0.0,0,4.0,3.17,3.18,634,596
115932,Tacko Fall,BOSTON CELTICS,2021-04-15,HOME,LOS ANGELES LAKERS,8.86,0.46,0.0,0.28,1.08,0.04,0.16,0.05,0.09,6.72,7.06,7.2,0.9829268292682926,-0.14000000000000057,0.0,0.0,0,11.0,3.1,2.99,619,560
115933,Bruno Fernando,ATLANTA HAWKS,2021-04-15,HOME,MILWAUKEE BUCKS,5.96,0.24,0.09,0.27,0.51,0.07,0.06,0.07,0.19,2.05,2.14,-0.33,4.686567164179105,2.47,0.0,0.0,0,14.0,1.94,1.97,387,370
115934,Trae Young,ATLANTA HAWKS,2021-04-15,HOME,MILWAUKEE BUCKS,35.03,5.44,1.32,7.15,3.47,7.3,0.54,0.64,3.41,38.55,40.06,35.5,1.124931506849315,4.560000000000002,0.0,0.0,0,19.0,37.23,38.59,7447,7236
115935,Kelly Oubre,GOLDEN STATE WARRIORS,2021-04-15,HOME,CLEVELAND CAVALIERS,27.24,2.51,3.39,1.13,3.67,0.43,0.29,0.63,0.65,25.46,25.89,27.47,0.944502985598876,-1.5799999999999983,0.0,0.0,0,8.0,23.48,24.76,4696,4643
115936,Danilo Gallinari,ATLANTA HAWKS,2021-04-15,HOME,MILWAUKEE BUCKS,32.19,2.77,3.59,3.11,4.85,1.76,0.41,1.24,1.34,31.11,31.5,28.03,1.1195315191181536,3.469999999999999,0.0,0.0,0,22.0,31.49,32.55,6298,6103
115937,Axel Toupane,MILWAUKEE BUCKS,2021-04-15,HOME,ATLANTA HAWKS,9.25,0.31,0.25,0.06,0.72,0.18,0.15,0.15,0.1,4.8,4.22,7.13,0.6420664206642067,-2.91,0.0,0.0,0,15.5,3.36,3.27,673,614
115938,Tony Snell,ATLANTA HAWKS,2021-04-15,HOME,MILWAUKEE BUCKS,16.06,1.11,0.72,0.75,2.22,1.42,0.27,0.68,0.86,14.5,14.52,14.6,0.9948717948717949,-0.08000000000000007,0.0,0.0,0,23.0,11.91,11.86,2383,2225
115939,Collin Sexton,CLEVELAND CAVALIERS,2021-04-15,HOME,GOLDEN STATE WARRIORS,33.4,5.54,1.41,6.01,2.37,3.98,0.17,0.81,2.58,39.94,36.93,35.43,1.0411748558880043,1.5,0.0,0.0,0,7.0,30.49,31.63,6099,5930
115940,Buddy Hield,SACRAMENTO KINGS,2021-04-15,AWAY,PHOENIX SUNS,32.57,2.35,4.25,1.12,4.34,3.84,0.0,1.16,1.07,34.29,33.11,30.07,1.097843579015127,3.039999999999999,0.0,0.0,0,1.0,31.95,33.67,6390,6312
115941,Darius Garland,CLEVELAND CAVALIERS,2021-04-15,HOME,GOLDEN STATE WARRIORS,33.49,3.43,2.59,3.06,2.59,5.18,0.36,0.94,2.7,30.45,30.06,35.77,0.8447103617079139,-5.710000000000004,0.0,0.0,0,13.0,29.77,31.24,5954,5858
115942,James Wiseman,GOLDEN STATE WARRIORS,2021-04-15,HOME,CLEVELAND CAVALIERS,13.78,1.74,0.0,0.29,2.88,0.17,0.16,0.28,0.74,17.22,18.5,12.43,1.4519731943410277,6.07,0.0,0.0,0,15.5,8.06,8.13,1612,1525
115943,Frank Kaminsky,PHOENIX SUNS,2021-04-15,HOME,SACRAMENTO KINGS,10.35,0.86,0.07,0.46,1.73,0.73,0.2,0.3,0.5,13.83,13.65,11.13,1.2077493816982687,2.5199999999999996,0.0,0.0,0,12.0,6.56,6.43,1312,1206
115944,Dean Wade,CLEVELAND CAVALIERS,2021-04-15,HOME,GOLDEN STATE WARRIORS,31.97,1.46,4.73,0.9,4.49,2.04,0.74,1.17,1.04,23.23,22.36,21.33,1.0461262875055979,1.0300000000000011,0.0,0.0,0,20.0,31.15,32.35,6230,6065
115945,Khris Middleton,MILWAUKEE BUCKS,2021-04-15,AWAY,ATLANTA HAWKS,28.85,4.66,1.97,4.41,5.05,4.07,0.34,0.97,2.4,36.14,35.69,37.8,0.9456185567010309,-2.1099999999999994,0.0,0.0,0,16.0,33.34,34.46,6667,6462
115946,Isaac Okoro,CLEVELAND CAVALIERS,2021-04-15,HOME,GOLDEN STATE WARRIORS,26.08,1.85,1.0,1.37,2.67,1.74,0.35,0.67,1.29,17.51,16.66,19.4,0.865686274509804,-2.7399999999999984,0.0,0.0,0,15.5,15.65,15.91,3131,2984
115947,Jrue Holiday,MILWAUKEE BUCKS,2021-04-15,AWAY,ATLANTA HAWKS,27.0,3.57,1.66,1.91,4.62,3.52,0.28,1.02,1.81,31.41,32.18,47.27,0.6873834679925419,-15.090000000000003,2.3100263313427343,0.0,0,16.0,26.94,27.61,5389,5177
115948,Cedi Osman,CLEVELAND CAVALIERS,2021-04-15,HOME,GOLDEN STATE WARRIORS,21.94,1.9,0.99,1.87,3.26,2.61,0.43,0.79,1.24,14.48,16.2,7.77,1.9612314709236032,8.43,0.0,2.399170565828046,0,18.0,18.89,18.94,3777,3552
115949,Kevin Love,CLEVELAND CAVALIERS,2021-04-15,HOME,GOLDEN STATE WARRIORS,31.15,1.94,4.36,2.27,4.28,2.51,0.38,0.73,1.41,22.92,21.38,24.3,0.884584980237154,-2.9200000000000017,0.0,0.0,0,20.0,30.05,32.04,6010,6008
115950,Bobby Portis,MILWAUKEE BUCKS,2021-04-15,AWAY,ATLANTA HAWKS,22.98,2.39,2.95,0.79,5.14,0.68,0.22,0.75,0.9,24.22,24.07,25.4,0.9496212121212122,-1.3299999999999983,0.0,0.0,0,17.0,23.62,24.83,4724,4656
115951,Pat Connaughton,MILWAUKEE BUCKS,2021-04-15,AWAY,ATLANTA HAWKS,19.81,1.5,2.52,0.31,5.05,1.15,0.14,0.84,0.11,17.63,18.05,16.33,1.099249855741489,1.7200000000000024,0.0,0.0,0,16.0,21.49,22.07,4297,4139
115952,Bryn Forbes,MILWAUKEE BUCKS,2021-04-15,AWAY,ATLANTA HAWKS,19.0,1.11,2.08,0.49,1.7,0.92,0.08,0.55,0.65,12.78,13.48,11.2,1.1868852459016395,2.280000000000001,0.0,0.0,0,16.0,13.61,14.43,2722,2706
115953,Thanasis Antetokounmpo,MILWAUKEE BUCKS,2021-04-15,AWAY,ATLANTA HAWKS,18.48,1.05,0.31,0.12,2.22,0.52,0.17,0.28,0.28,9.09,9.51,8.23,1.1386782231852655,1.2799999999999994,0.0,0.0,0,16.0,7.66,7.62,1533,1429
115954,Jordan Nwora,MILWAUKEE BUCKS,2021-04-15,AWAY,ATLANTA HAWKS,15.64,1.04,0.71,0.41,1.99,0.73,0.16,0.54,0.41,10.46,12.95,5.87,2.0305676855895194,7.079999999999999,0.0,1.45649762060679,0,15.5,9.79,9.75,1959,1829
115955,Donte DiVincenzo,MILWAUKEE BUCKS,2021-04-15,AWAY,ATLANTA HAWKS,25.07,2.37,1.36,1.76,5.64,3.3,0.07,1.01,0.99,23.72,25.98,25.87,1.004093784890212,0.10999999999999943,0.0,0.0,0,16.0,24.55,24.92,4910,4673
115956,Matthew Dellavedova,CLEVELAND CAVALIERS,2021-04-15,HOME,GOLDEN STATE WARRIORS,25.55,1.38,0.55,0.85,2.97,2.63,0.26,0.79,0.97,12.39,12.43,11.43,1.080450522928399,1.0,0.0,0.0,0,13.0,14.95,14.81,2990,2776
115957,Sam Merrill,MILWAUKEE BUCKS,2021-04-15,AWAY,ATLANTA HAWKS,9.75,0.4,0.98,0.11,0.9,0.37,0.08,0.17,0.15,6.34,9.06,10.97,0.8404344193817878,-1.9100000000000001,0.0,0.0,0,15.5,6.08,6.44,1217,1208
115958,Brook Lopez,MILWAUKEE BUCKS,2021-04-15,AWAY,ATLANTA HAWKS,18.53,2.39,1.16,1.12,4.38,1.1,0.82,0.47,0.46,24.24,26.73,24.67,1.0802493182703545,2.0599999999999987,0.0,0.0,0,17.0,19.7,19.44,3939,3644
115959,Isaiah Hartenstein,CLEVELAND CAVALIERS,2021-04-15,HOME,GOLDEN STATE WARRIORS,24.28,1.97,0.0,1.33,4.79,1.28,0.72,0.41,0.79,23.48,22.05,26.8,0.829136690647482,-4.75,0.0,0.0,0,15.5,15.54,15.04,3108,2820
115960,Taurean Prince,CLEVELAND CAVALIERS,2021-04-15,HOME,GOLDEN STATE WARRIORS,24.6,2.36,0.96,1.79,4.34,3.11,0.47,0.86,1.39,22.75,21.73,25.23,0.8665650019062142,-3.5,0.0,0.0,0,15.5,21.86,21.93,4373,4111
115961,Rodions Kurucs,MILWAUKEE BUCKS,2021-04-15,AWAY,ATLANTA HAWKS,7.44,0.09,0.28,0.0,0.32,0.15,0.11,0.08,0.06,5.57,6.09,8.53,0.7439664218258133,-2.4399999999999995,0.0,0.0,0,16.0,2.14,2.14,428,400
115962,Jeff Teague,MILWAUKEE BUCKS,2021-04-15,AWAY,ATLANTA HAWKS,16.11,1.42,0.48,1.33,2.0,1.76,0.56,0.42,0.67,14.99,15.4,14.2,1.0789473684210527,1.200000000000001,0.0,0.0,0,24.0,12.92,12.61,2584,2365
115963,Aaron Nesmith,BOSTON CELTICS,2021-04-15,AWAY,LOS ANGELES LAKERS,6.21,0.25,0.34,0.1,0.6,0.19,0.04,0.14,0.11,6.07,6.71,6.07,1.0905233380480905,0.6399999999999997,0.0,0.0,0,15.5,3.06,3.13,611,587
115964,Lamar Stevens,CLEVELAND CAVALIERS,2021-04-15,HOME,GOLDEN STATE WARRIORS,11.16,0.77,0.0,0.89,1.5,0.35,0.17,0.22,0.44,6.91,8.63,6.07,1.3620933521923622,2.5600000000000005,0.0,0.0,0,15.5,5.49,5.39,1097,1011
115965,Moritz Wagner,BOSTON CELTICS,2021-04-15,AWAY,LOS ANGELES LAKERS,6.48,0.42,0.16,0.25,0.48,0.22,0.02,0.14,0.28,11.54,11.01,3.17,2.8800959232613907,7.84,0.0,2.8076964067563117,0,11.0,2.68,2.76,535,518
115966,Mfiondu Kabengele,CLEVELAND CAVALIERS,2021-04-15,HOME,GOLDEN STATE WARRIORS,13.95,0.73,0.04,0.5,1.03,0.72,0.13,0.21,0.58,2.95,3.4,7.63,0.5098493626882967,-4.23,0.0,0.0,0,27.0,4.84,4.86,967,911
115967,Brodric Thomas,CLEVELAND CAVALIERS,2021-04-15,HOME,GOLDEN STATE WARRIORS,7.69,0.35,0.15,0.31,0.53,0.4,0.11,0.18,0.33,3.45,4.22,0.87,2.7914438502673793,3.3499999999999996,0.0,0.0,0,15.5,3.24,3.21,647,602
115968,Mamadi Diakite,MILWAUKEE BUCKS,2021-04-15,AWAY,ATLANTA HAWKS,7.65,0.45,0.08,0.02,1.21,0.22,0.12,0.14,0.11,8.12,8.81,9.1,0.9712871287128714,-0.28999999999999915,0.0,0.0,0,15.5,3.61,3.51,722,658
115969,Carsen Edwards,BOSTON CELTICS,2021-04-15,AWAY,LOS ANGELES LAKERS,6.65,0.31,0.18,0.1,0.35,0.19,0.0,0.05,0.08,6.45,6.08,1.17,3.262672811059908,4.91,0.0,0.0,0,8.0,2.04,2.13,407,400
115970,Stephen Curry,GOLDEN STATE WARRIORS,2021-04-15,HOME,CLEVELAND CAVALIERS,36.01,4.86,9.63,5.86,4.31,3.72,0.38,0.82,2.31,49.44,49.12,49.3,0.9964214711729622,-0.17999999999999972,0.0,0.0,0,12.0,56.51,61.5,11302,11531
115971,De'Aaron Fox,SACRAMENTO KINGS,2021-04-15,AWAY,PHOENIX SUNS,38.08,6.37,4.53,5.85,4.05,5.78,0.26,0.98,2.56,46.41,48.48,42.33,1.1419339949226863,6.149999999999999,0.0,0.0,0,1.0,46.87,49.38,9374,9258
115972,Draymond Green,GOLDEN STATE WARRIORS,2021-04-15,HOME,CLEVELAND CAVALIERS,32.27,2.89,1.87,1.22,5.37,6.99,0.26,2.22,1.89,37.43,36.42,38.97,0.9362021516137103,-2.549999999999997,0.0,0.0,0,30.0,35.09,34.76,7018,6517
115973,Harrison Barnes,SACRAMENTO KINGS,2021-04-15,AWAY,PHOENIX SUNS,39.83,3.91,2.45,3.38,4.66,2.45,0.07,0.81,0.96,32.21,31.26,37.73,0.8329460366640848,-6.469999999999995,0.0,0.0,0,6.0,29.5,30.56,5899,5729
115974,Maurice Harkless,SACRAMENTO KINGS,2021-04-15,AWAY,PHOENIX SUNS,22.37,1.06,0.53,0.85,1.93,1.13,0.2,0.4,0.46,11.87,12.95,7.73,1.5979381443298968,5.219999999999999,0.0,0.0,0,6.0,9.91,9.9,1982,1857
115975,Markieff Morris,LOS ANGELES LAKERS,2021-04-15,AWAY,BOSTON CELTICS,24.24,1.66,2.84,0.35,4.55,1.2,0.34,0.61,1.0,23.96,23.47,25.47,0.9244427653947865,-2.0,0.0,0.0,0,4.0,21.3,22.5,4260,4218
115976,Tyrese Haliburton,SACRAMENTO KINGS,2021-04-15,AWAY,PHOENIX SUNS,24.09,2.41,0.97,0.89,2.83,3.93,0.26,0.98,1.37,23.45,23.05,28.0,0.8293103448275863,-4.949999999999999,0.0,0.0,0,15.5,20.26,20.33,4052,3812
115977,Andrew Wiggins,GOLDEN STATE WARRIORS,2021-04-15,HOME,CLEVELAND CAVALIERS,41.38,3.45,1.27,2.78,5.55,2.12,0.8,1.14,1.68,32.36,31.15,33.13,0.9419865221213009,-1.980000000000004,0.0,0.0,0,28.0,27.47,27.28,5494,5115
115978,Delon Wright,SACRAMENTO KINGS,2021-04-15,AWAY,PHOENIX SUNS,18.7,2.26,0.68,1.04,3.29,3.13,0.0,0.96,0.96,18.83,20.87,14.2,1.4388157894736844,6.670000000000002,0.0,0.23142182325264332,0,1.0,18.16,18.19,3633,3410
115979,Damion Lee,GOLDEN STATE WARRIORS,2021-04-15,HOME,CLEVELAND CAVALIERS,18.69,1.15,1.59,0.68,2.51,1.24,0.23,0.82,0.54,11.59,12.68,9.53,1.2991452991452992,3.1500000000000004,0.0,0.0,0,28.0,15.23,15.37,3046,2882
115980,Kent Bazemore,GOLDEN STATE WARRIORS,2021-04-15,HOME,CLEVELAND CAVALIERS,28.25,1.71,2.3,1.07,2.63,1.7,0.28,1.14,0.94,16.74,17.69,11.93,1.4454756380510443,5.760000000000002,0.0,0.0,0,28.0,20.42,20.75,4083,3890
115981,Juan Toscano-Anderson,GOLDEN STATE WARRIORS,2021-04-15,HOME,CLEVELAND CAVALIERS,13.87,0.58,0.02,0.45,1.6,0.68,0.17,0.31,0.36,9.32,9.41,1.13,4.887323943661972,8.280000000000001,0.0,3.843634015954062,0,8.0,5.69,5.48,1138,1028
115982,Damian Jones,SACRAMENTO KINGS,2021-04-15,AWAY,PHOENIX SUNS,13.02,0.96,0.0,0.86,1.52,0.61,0.24,0.16,0.41,9.13,9.85,8.27,1.1704422869471414,1.58,0.0,0.0,0,18.0,6.31,6.19,1262,1161
115983,Kevon Looney,GOLDEN STATE WARRIORS,2021-04-15,HOME,CLEVELAND CAVALIERS,24.78,1.44,0.33,0.86,4.94,1.32,0.3,0.53,0.63,12.46,13.25,11.1,1.177685950413223,2.1500000000000004,0.0,0.0,0,25.0,14.5,14.4,2900,2699
115984,Marc Gasol,LOS ANGELES LAKERS,2021-04-15,AWAY,BOSTON CELTICS,11.12,0.88,0.47,0.61,2.11,1.53,0.4,0.4,0.76,16.3,16.98,26.9,0.6444444444444445,-9.919999999999998,1.8069180689902617,0.0,0,24.0,10.25,10.17,2049,1906
115985,Chimezie Metu,SACRAMENTO KINGS,2021-04-15,AWAY,PHOENIX SUNS,11.8,0.88,0.0,0.21,1.24,0.53,0.13,0.11,0.38,11.4,11.86,13.47,0.8887353144436765,-1.6100000000000012,0.0,0.0,0,6.0,4.59,4.6,919,863
115986,Devontae Cacok,LOS ANGELES LAKERS,2021-04-15,AWAY,BOSTON CELTICS,7.07,0.3,0.0,0.0,0.63,0.02,0.03,0.09,0.19,7.98,7.35,12.0,0.6423076923076922,-4.65,0.0,0.0,0,4.5,1.56,1.56,311,293
115987,Kyle Guy,SACRAMENTO KINGS,2021-04-15,AWAY,PHOENIX SUNS,4.14,0.16,0.09,0.11,0.19,0.14,0.0,0.05,0.07,4.88,4.85,1.07,2.8260869565217384,3.7799999999999994,0.0,0.0,0,1.0,1.22,1.26,244,236
115988,Gary Payton,GOLDEN STATE WARRIORS,2021-04-15,HOME,CLEVELAND CAVALIERS,5.59,0.41,0.01,0.0,0.9,0.62,0.0,0.38,0.18,26.39,18.38,15.97,1.1420153211549795,2.4099999999999984,0.0,0.0,0,12.0,3.82,3.58,764,671
115989,Terence Davis,SACRAMENTO KINGS,2021-04-15,AWAY,PHOENIX SUNS,19.9,1.97,0.71,1.23,2.4,1.87,0.06,0.47,0.79,16.44,15.43,19.43,0.8042094958394518,-4.0,0.0,0.0,0,1.0,13.79,14.12,2757,2648
115990,Mychal Mulder,GOLDEN STATE WARRIORS,2021-04-15,HOME,CLEVELAND CAVALIERS,7.31,0.23,0.43,0.35,0.44,0.28,0.13,0.17,0.07,4.37,4.25,6.3,0.7191780821917808,-2.05,0.0,0.0,0,28.0,3.88,3.85,776,722
115991,Richaun Holmes,SACRAMENTO KINGS,2021-04-15,AWAY,PHOENIX SUNS,17.33,3.37,0.16,0.59,6.05,1.11,0.43,0.72,0.89,29.93,31.06,26.13,1.1817176557316624,4.93,0.0,0.0,0,18.0,19.29,18.97,3859,3557
115992,Hassan Whiteside,SACRAMENTO KINGS,2021-04-15,AWAY,PHOENIX SUNS,9.32,1.14,0.03,0.46,2.69,0.44,0.29,0.14,0.63,16.7,16.95,11.53,1.432561851556265,5.42,0.0,0.0,0,18.0,7.38,7.41,1476,1390
115993,Nico Mannion,GOLDEN STATE WARRIORS,2021-04-15,HOME,CLEVELAND CAVALIERS,13.6,1.12,0.59,1.02,1.19,1.78,0.09,0.47,0.96,13.78,12.26,6.23,1.83402489626556,6.029999999999999,0.0,0.0,0,15.5,9.85,10.12,1970,1898
115994,Jordan Poole,GOLDEN STATE WARRIORS,2021-04-15,HOME,CLEVELAND CAVALIERS,21.12,2.1,0.93,1.4,1.98,2.46,0.26,0.85,0.94,18.21,18.88,13.1,1.4099290780141844,5.779999999999999,0.0,0.0,0,28.0,16.85,16.77,3369,3144
115995,Kostas Antetokounmpo,LOS ANGELES LAKERS,2021-04-15,AWAY,BOSTON CELTICS,6.33,0.17,0.02,0.13,0.26,0.02,0.03,0.02,0.18,1.6,1.67,0.13,2.36283185840708,1.54,0.0,0.0,0,4.0,0.84,0.91,168,170
115996,Jayson Tatum,BOSTON CELTICS,2021-04-15,AWAY,LOS ANGELES LAKERS,35.22,5.0,4.12,4.91,5.25,2.26,0.7,0.7,2.63,41.16,43.49,34.73,1.2451721242653235,8.760000000000005,0.0,0.3352021488850148,0,15.0,38.53,40.77,7706,7644
115997,Clint Capela,ATLANTA HAWKS,2021-04-15,AWAY,MILWAUKEE BUCKS,28.37,4.33,0.05,2.23,12.32,0.34,1.5,0.3,1.34,46.95,45.31,55.0,0.8269642857142857,-9.689999999999998,0.07549005235501753,0.0,0,14.0,30.39,31.41,6079,5888
115998,Deandre Ayton,PHOENIX SUNS,2021-04-15,HOME,SACRAMENTO KINGS,24.49,3.57,0.13,0.8,6.22,0.85,0.38,0.58,1.26,34.53,34.22,39.67,0.8659945906073272,-5.450000000000003,0.0,0.0,0,12.0,18.69,18.73,3738,3513
115999,Kemba Walker,BOSTON CELTICS,2021-04-15,AWAY,LOS ANGELES LAKERS,29.99,2.9,3.5,2.41,3.67,4.65,0.28,0.56,1.35,31.1,31.57,26.73,1.1745402091597548,4.84,0.0,0.0,0,4.0,31.26,33.03,6252,6193
116000,Bogdan Bogdanović,ATLANTA HAWKS,2021-04-15,AWAY,MILWAUKEE BUCKS,38.78,2.56,4.31,1.08,3.14,3.11,0.16,1.01,1.6,33.9,32.24,41.5,0.7821176470588236,-9.259999999999998,0.7384432924498968,0.0,0,5.0,29.47,31.41,5895,5890
116001,Cameron Payne,PHOENIX SUNS,2021-04-15,HOME,SACRAMENTO KINGS,22.97,2.3,1.09,1.36,3.87,4.34,0.42,1.25,1.86,21.26,22.76,18.1,1.243979057591623,4.66,0.0,0.0,0,24.5,23.53,23.53,4707,4412
116002,Kyle Kuzma,LOS ANGELES LAKERS,2021-04-15,AWAY,BOSTON CELTICS,33.05,3.12,3.78,2.31,6.81,1.92,0.39,0.49,1.5,31.07,28.86,24.23,1.1835116924296472,4.629999999999999,0.0,0.0,0,4.0,32.08,34.18,6416,6409
116003,Dario Šarić,PHOENIX SUNS,2021-04-15,HOME,SACRAMENTO KINGS,18.25,2.45,0.56,1.73,3.6,2.16,0.06,0.54,1.05,16.81,17.9,14.7,1.2038216560509554,3.1999999999999993,0.0,0.0,0,21.0,16.62,17.01,3324,3188
116004,Jaylen Brown,BOSTON CELTICS,2021-04-15,AWAY,LOS ANGELES LAKERS,35.68,3.91,2.44,3.32,6.18,2.28,0.57,0.45,1.75,36.45,36.48,30.5,1.1898412698412697,5.979999999999997,0.0,0.0,0,10.0,30.61,31.99,6121,5998
116005,Marcus Smart,BOSTON CELTICS,2021-04-15,AWAY,LOS ANGELES LAKERS,32.1,2.38,2.08,3.22,3.32,3.61,0.53,0.49,1.56,27.56,27.3,25.23,1.0789172703011818,2.0700000000000003,0.0,0.0,0,8.0,25.12,26.08,5024,4891
116006,Robert Williams,BOSTON CELTICS,2021-04-15,AWAY,LOS ANGELES LAKERS,24.05,2.75,0.03,0.87,6.9,2.22,1.32,0.18,0.65,32.77,31.14,35.23,0.8871101297267459,-4.089999999999996,0.0,0.0,0,11.0,21.92,21.11,4384,3957
116007,Torrey Craig,PHOENIX SUNS,2021-04-15,HOME,SACRAMENTO KINGS,19.01,1.21,1.02,0.39,3.29,1.55,0.4,0.83,0.85,13.02,13.03,15.3,0.8607361963190183,-2.2700000000000014,0.0,0.0,0,24.0,14.98,14.85,2997,2785
116008,Alex Caruso,LOS ANGELES LAKERS,2021-04-15,AWAY,BOSTON CELTICS,26.63,1.55,1.86,1.24,2.96,3.07,0.16,0.67,1.32,17.06,17.67,18.7,0.9477157360406092,-1.0299999999999976,0.0,0.0,0,16.0,19.25,20.16,3849,3779
116009,Dennis Schröder,LOS ANGELES LAKERS,2021-04-15,AWAY,BOSTON CELTICS,29.89,4.07,2.22,2.54,2.88,6.43,0.18,0.98,2.64,32.44,32.89,31.27,1.0502014254725753,1.620000000000001,0.0,0.0,0,16.0,31.28,32.7,6256,6130
116010,Kevin Huerter,ATLANTA HAWKS,2021-04-15,AWAY,MILWAUKEE BUCKS,30.28,2.45,1.85,0.8,2.35,2.66,0.0,0.62,0.83,22.19,24.06,18.53,1.2831541218637992,5.529999999999998,0.0,0.0,0,5.0,19.09,19.93,3818,3736
116011,Brandon Goodwin,ATLANTA HAWKS,2021-04-15,AWAY,MILWAUKEE BUCKS,28.81,1.15,2.2,0.49,1.31,1.49,0.07,0.48,0.99,11.95,11.28,11.5,0.9823999999999999,-0.22000000000000064,0.0,0.0,0,19.0,13.86,14.97,2771,2806
116012,Cameron Johnson,PHOENIX SUNS,2021-04-15,HOME,SACRAMENTO KINGS,23.44,1.35,2.4,0.9,3.04,1.94,0.47,0.68,1.35,20.62,20.12,25.1,0.8091954022988506,-4.98,0.0,0.0,0,21.0,19.46,20.34,3892,3813
116013,Kentavious Caldwell-Pope,LOS ANGELES LAKERS,2021-04-15,AWAY,BOSTON CELTICS,24.6,1.82,1.39,0.85,3.46,2.09,0.18,0.85,1.23,23.58,22.67,23.57,0.9633699633699634,-0.8999999999999986,0.0,0.0,0,12.0,17.81,18.26,3561,3424
116014,Jevon Carter,PHOENIX SUNS,2021-04-15,HOME,SACRAMENTO KINGS,17.19,0.97,2.01,0.46,2.2,1.72,0.16,0.64,0.69,12.02,12.59,9.7,1.2700934579439254,2.8900000000000006,0.0,0.0,0,22.0,15.36,16.02,3072,3004
116015,Chris Paul,PHOENIX SUNS,2021-04-15,HOME,SACRAMENTO KINGS,31.25,3.78,1.26,3.34,4.6,6.29,0.5,1.48,2.49,38.43,35.32,48.6,0.7322580645161291,-13.280000000000001,1.7885759124608522,0.0,0,22.0,33.08,33.21,6617,6227
116016,Wesley Matthews,LOS ANGELES LAKERS,2021-04-15,AWAY,BOSTON CELTICS,15.17,0.67,0.49,0.51,1.31,0.87,0.22,0.4,0.54,9.92,10.19,14.97,0.7006887914840325,-4.780000000000001,0.0,0.0,0,12.0,7.52,7.48,1503,1402
116017,Tristan Thompson,BOSTON CELTICS,2021-04-15,AWAY,LOS ANGELES LAKERS,20.22,2.74,0.05,1.56,6.09,0.52,0.27,0.0,0.62,22.57,22.12,20.77,1.062011943040882,1.3500000000000014,0.0,0.0,0,11.0,15.47,15.84,3094,2970
116018,Montrezl Harrell,LOS ANGELES LAKERS,2021-04-15,AWAY,BOSTON CELTICS,24.97,3.0,0.11,1.4,7.16,1.1,0.84,0.45,1.33,21.7,21.9,17.07,1.2672938572219148,4.829999999999998,0.0,0.0,0,24.0,20.51,20.3,4102,3806
116019,Onyeka Okongwu,ATLANTA HAWKS,2021-04-15,AWAY,MILWAUKEE BUCKS,18.19,1.83,0.0,1.03,3.93,0.37,0.27,0.4,0.47,18.73,16.55,21.5,0.78,-4.949999999999999,0.0,0.0,0,15.5,11.5,11.26,2300,2112
116020,Andre Drummond,LOS ANGELES LAKERS,2021-04-15,AWAY,BOSTON CELTICS,23.86,4.0,0.01,2.05,7.52,1.64,0.54,1.01,2.28,26.68,29.07,30.03,0.969062197873026,-0.9600000000000009,0.0,0.0,0,24.0,23.93,23.9,4787,4482
116021,Alfonzo McKinnie,LOS ANGELES LAKERS,2021-04-15,AWAY,BOSTON CELTICS,8.48,0.39,0.42,0.12,0.73,0.13,0.0,0.1,0.2,7.85,8.27,3.13,2.2445520581113803,5.14,0.0,0.0,0,5.0,3.33,3.58,666,671
116022,Lou Williams,ATLANTA HAWKS,2021-04-15,AWAY,MILWAUKEE BUCKS,24.76,3.43,1.03,1.83,2.57,2.99,0.0,0.79,2.08,21.68,20.12,26.43,0.7699598979219833,-6.309999999999999,0.12247160180703127,0.0,0,5.0,19.64,20.53,3928,3850
116023,Talen Horton-Tucker,LOS ANGELES LAKERS,2021-04-15,AWAY,BOSTON CELTICS,23.26,2.88,0.84,1.87,2.74,2.95,0.0,0.95,1.4,26.12,25.13,29.57,0.8547595682041217,-4.440000000000001,0.0,0.0,0,12.0,19.31,19.62,3863,3679
116024,Grant Williams,BOSTON CELTICS,2021-04-15,AWAY,LOS ANGELES LAKERS,15.86,0.8,0.74,0.2,1.68,0.72,0.1,0.4,0.46,8.64,9.05,5.8,1.4779411764705883,3.250000000000001,0.0,0.0,0,15.0,8.16,8.34,1631,1564
116025,Nathan Knight,ATLANTA HAWKS,2021-04-15,AWAY,MILWAUKEE BUCKS,9.03,0.85,0.0,0.85,1.35,0.41,0.13,0.08,0.43,10.13,11.77,8.17,1.3925845147219194,3.5999999999999996,0.0,0.0,0,15.5,4.99,5.06,997,948
116026,Solomon Hill,ATLANTA HAWKS,2021-04-15,AWAY,MILWAUKEE BUCKS,24.7,1.36,0.88,0.86,3.92,1.75,0.24,0.84,0.71,15.19,15.63,14.33,1.0848010437051534,1.3000000000000007,0.0,0.0,0,23.0,16.08,15.99,3216,2998
116027,Skylar Mays,ATLANTA HAWKS,2021-04-15,AWAY,MILWAUKEE BUCKS,8.75,0.37,0.09,0.07,0.58,0.22,0.0,0.18,0.23,4.84,5.41,6.13,0.8990182328190743,-0.7199999999999998,0.0,0.0,0,15.5,2.42,2.42,483,455
116028,Jae Crowder,PHOENIX SUNS,2021-04-15,HOME,SACRAMENTO KINGS,22.88,1.72,1.45,1.81,4.11,2.58,0.46,0.76,1.58,21.5,21.29,20.77,1.0238860817638953,0.5199999999999996,0.0,0.0,0,24.0,20.48,20.98,4096,3934
116029,Ben McLemore,LOS ANGELES LAKERS,2021-04-15,AWAY,BOSTON CELTICS,16.96,0.88,0.86,0.37,2.11,0.88,0.07,0.24,0.62,12.12,13.39,11.53,1.148443735035914,1.8600000000000012,0.0,0.0,0,12.0,8.87,9.41,1774,1764
116030,Semi Ojeleye,BOSTON CELTICS,2021-04-15,AWAY,LOS ANGELES LAKERS,9.28,0.35,0.38,0.26,0.95,0.43,0.07,0.12,0.3,6.81,5.82,5.13,1.1125611745513866,0.6900000000000004,0.0,0.0,0,15.0,4.16,4.35,831,816
116031,Devin Booker,PHOENIX SUNS,2021-04-15,HOME,SACRAMENTO KINGS,23.22,5.7,1.13,5.19,3.79,4.56,0.5,0.95,3.13,41.71,39.53,45.47,0.8721755971594578,-5.939999999999998,0.0,0.0,0,27.0,32.59,33.46,6518,6273
116032,Romeo Langford,BOSTON CELTICS,2021-04-15,AWAY,LOS ANGELES LAKERS,8.17,0.32,0.04,0.1,0.8,0.25,0.11,0.04,0.21,7.09,6.33,9.87,0.6743330266789329,-3.539999999999999,0.0,0.0,0,8.0,2.44,2.45,487,459
116033,Ty-Shon Alexander,PHOENIX SUNS,2021-04-15,HOME,SACRAMENTO KINGS,7.03,0.18,0.06,0.13,0.36,0.22,0.04,0.1,0.24,1.03,1.14,2.13,0.6837060702875398,-0.99,0.0,0.0,0,15.5,1.61,1.64,322,308
116034,Jalen Smith,PHOENIX SUNS,2021-04-15,HOME,SACRAMENTO KINGS,7.05,0.24,0.06,0.14,0.4,0.18,0.03,0.07,0.29,2.24,1.49,1.4,1.0375,0.09000000000000008,0.0,0.0,0,15.5,1.56,1.66,312,310
116035,Mikal Bridges,PHOENIX SUNS,2021-04-15,HOME,SACRAMENTO KINGS,23.5,2.4,0.86,1.61,3.8,2.23,0.49,0.57,1.31,24.79,22.78,22.57,1.0089096308867205,0.21000000000000085,0.0,0.0,0,24.0,18.77,18.98,3753,3559
116036,Payton Pritchard,BOSTON CELTICS,2021-04-15,AWAY,LOS ANGELES LAKERS,11.42,0.7,0.35,0.58,1.61,1.18,0.14,0.51,0.49,10.74,10.63,9.43,1.1150527325023971,1.200000000000001,0.0,0.0,0,15.5,8.19,8.04,1638,1508
